Num_Acc;senc;catv;occutc;obs;obsm;choc;manv;num_veh
200600032563;0;1;0;0;0;0;2;B01
200600032611;0;1;0;0;2;0;1;B01
200600032682;0;1;0;0;2;1;1;B01
200600032697;0;1;0;0;2;8;9;A01
200600032702;0;1;0;0;2;1;1;B01
200600032716;0;1;0;0;2;6;16;B01
200600032726;0;1;0;0;2;0;2;A01
200600032800;0;1;0;0;0;0;0;B01
200600032870;0;1;0;0;0;8;0;B01
200600033013;0;1;0;0;2;4;2;B01
200600033056;0;1;0;0;2;2;1;B01
200600033062;0;1;0;0;2;1;19;A01
200600033068;0;1;0;0;2;8;1;B01
200600033078;0;1;0;0;2;8;1;A01
200600033079;0;1;0;0;2;1;1;B01
200600033082;0;1;0;0;2;1;1;B01
200600033086;0;1;0;0;2;1;15;A01
200600033087;0;1;0;0;2;4;1;B01
200600033090;0;1;0;0;2;2;0;A01
200600033092;0;1;0;0;1;1;1;A01
200600033093;0;1;0;0;2;3;1;A01
200600033114;0;1;0;0;2;1;5;A01
200600033129;0;1;0;0;2;0;0;A01
200600033137;0;1;0;0;2;4;1;B01
200600033142;0;1;0;0;2;7;19;A01
200600033143;0;1;0;0;2;1;5;A01
200600033144;0;1;0;0;2;1;1;B01
200600033165;0;1;0;0;2;5;1;B01
200600033175;0;1;0;0;2;2;17;A01
200600033186;0;1;0;0;2;5;1;B01
200600033188;0;1;0;0;2;1;1;B01
200600033201;0;1;0;0;2;2;9;A01
200600033247;0;1;0;0;2;1;2;A01
200600033251;0;1;0;0;0;1;1;B01
200600033266;0;1;0;0;1;1;0;A01
200600033267;0;1;0;0;2;1;1;B01
200600033277;0;1;0;0;2;1;1;B01
200600033281;0;1;0;0;2;7;1;B01
200600033303;0;1;0;0;2;1;1;B01
200600033323;0;1;0;0;2;7;1;B01
200600033357;0;1;0;0;1;1;1;A01
200600033364;0;1;0;0;2;1;1;A01
200600033394;0;1;0;14;0;1;1;A01
200600033397;0;1;0;0;4;8;0;A01
200600033401;0;1;0;0;2;0;0;B01
200600033403;0;1;0;0;9;1;1;A01
200600033404;0;1;0;0;2;1;15;A01
200600033405;0;1;0;0;2;7;0;A01
200600033411;0;1;0;14;2;0;0;A01
200600033413;0;1;0;0;2;8;0;B01
200600033415;0;1;0;0;2;1;6;B01
200600033418;0;1;0;0;2;4;0;A01
200600033428;0;1;0;0;2;7;1;A01
200600033477;0;1;0;0;2;1;1;B01
200600033481;0;1;0;0;2;8;1;A01
200600033494;0;1;0;0;2;1;2;A01
200600033501;0;1;0;0;0;4;1;B01
200600033501;0;1;0;0;0;4;1;C01
200600033513;0;1;0;14;0;8;2;B01
200600033518;0;1;0;0;2;1;18;A01
200600033537;0;1;0;0;2;3;15;B01
200600033540;0;1;0;0;2;1;1;B01
200600033545;0;1;0;0;0;1;1;B01
200600033555;0;1;0;1;0;3;1;B01
200600033562;0;1;0;0;2;0;2;B01
200600033572;0;1;0;1;1;1;0;A01
200600033574;0;1;0;0;2;1;1;B01
200600033581;0;1;0;0;1;1;1;A01
200600033587;0;1;0;0;2;1;1;B01
200600033600;0;1;0;0;2;3;1;A01
200600033606;0;1;0;0;2;1;1;A01
200600033619;0;1;0;0;0;8;2;B01
200600033620;0;1;0;0;2;1;19;A01
200600033635;0;1;0;0;2;0;1;A01
200600033639;0;1;0;0;2;1;1;B01
200600033652;0;1;0;0;2;1;1;B01
200600033659;0;1;0;0;2;1;11;B01
200600033662;0;1;0;0;2;8;5;A01
200600033668;0;1;0;0;2;2;1;B01
200600033709;0;1;0;12;0;1;1;A01
200600033714;0;1;0;0;2;5;1;A01
200600033742;0;1;0;0;2;1;1;B01
200600033746;0;1;0;0;2;5;1;B01
200600033754;0;1;0;0;2;1;1;B01
200600033754;0;1;0;0;2;1;1;C01
200600033755;0;1;0;0;0;0;20;A01
200600033776;0;1;0;0;0;0;0;B01
200600033786;0;1;0;0;2;1;1;A01
200600033788;0;1;0;0;2;1;9;B01
200600033793;0;1;0;0;2;5;19;B01
200600033796;0;1;0;0;2;1;1;B01
200600033798;0;1;0;1;0;1;1;B01
200600033800;0;1;0;0;2;8;19;B01
200600033801;0;1;0;0;1;7;1;A01
200600033803;0;1;0;0;2;1;1;B01
200600033809;0;1;0;0;0;1;19;B01
200600033813;0;1;0;0;2;1;5;B01
200600033814;0;1;0;0;4;1;0;A01
200600033817;0;1;0;0;2;1;1;B01
200600033840;0;1;0;0;2;4;13;B01
200600033872;0;1;0;0;2;1;0;A01
200600033886;0;1;0;0;2;9;1;B01
200600033888;0;1;0;0;2;2;1;B01
200600033893;0;1;0;0;2;1;1;B01
200600033920;0;1;0;0;2;1;17;B01
200600033928;0;1;0;1;0;3;1;B01
200600033942;0;1;0;0;2;8;2;B01
200600033944;0;1;0;0;0;2;2;B01
200600033949;0;1;0;1;0;1;1;B01
200600033959;0;1;0;1;0;1;1;B01
200600033969;0;1;0;0;2;2;1;B01
200600033970;0;1;0;0;2;1;1;B01
200600033990;0;1;0;0;2;1;19;A01
200600033994;0;1;0;0;2;1;9;A01
200600033997;0;1;0;0;2;1;15;A01
200600034003;0;1;0;0;2;0;1;B01
200600034019;0;1;0;0;0;0;11;B01
200600034028;0;1;0;0;1;1;1;A01
200600034031;0;1;0;0;2;1;16;A01
200600034032;0;1;0;0;0;1;1;B01
200600034036;0;1;0;0;2;1;1;B01
200600034038;0;1;0;0;2;1;1;B01
200600034040;0;1;0;1;0;1;1;B01
200600034048;0;1;0;0;0;1;1;A01
200600034050;0;1;0;0;0;0;0;A01
200600034053;0;1;0;0;0;1;1;B01
200600034062;0;1;0;0;2;3;1;B01
200600034075;0;1;0;0;2;1;1;B01
200600034089;0;1;0;0;2;1;1;B01
200600034092;0;1;0;0;2;1;1;B01
200600034094;0;1;0;0;2;7;1;B01
200600034099;0;1;0;0;2;1;2;A01
200600034115;0;1;0;0;2;8;2;B01
200600034125;0;1;0;1;0;8;5;A01
200600034131;0;1;0;0;2;7;1;B01
200600034134;0;1;0;1;0;0;0;B01
200600034148;0;1;0;0;2;1;1;A01
200600034150;0;1;0;0;2;7;19;B01
200600034153;0;1;0;0;2;3;9;A01
200600034154;0;1;0;0;2;3;19;B01
200600034166;0;1;0;1;0;7;21;B01
200600034170;0;1;0;0;0;0;15;A01
200600034183;0;1;0;0;2;8;14;B01
200600034198;0;1;0;0;1;1;1;A01
200600034201;0;1;0;0;2;1;1;A01
200600034212;0;1;0;0;2;1;9;B01
200600034247;0;1;0;0;2;7;1;A01
200600034250;0;1;0;12;0;1;1;A01
200600034251;0;1;0;0;2;8;1;B01
200600034286;0;1;0;0;2;7;19;A01
200600034299;0;1;0;0;2;1;1;B01
200600034316;0;1;0;0;0;0;0;A01
200600034317;0;1;0;0;0;0;0;A01
200600034318;0;1;0;0;2;8;1;B01
200600034330;0;1;0;0;2;1;1;B01
200600034337;0;1;0;0;2;1;1;B01
200600034338;0;1;0;0;2;1;1;B01
200600034347;0;1;0;1;0;1;1;B01
200600034358;0;1;0;0;2;4;19;B01
200600034366;0;1;0;1;0;1;1;B01
200600034385;0;1;0;0;2;1;2;A01
200600034386;0;1;0;0;2;7;19;B01
200600034388;0;1;0;0;2;1;19;A01
200600034400;0;1;0;0;2;1;16;B01
200600034405;0;1;0;0;2;4;15;A01
200600034407;0;1;0;0;2;1;11;A01
200600034409;0;1;0;0;2;7;2;B01
200600034419;0;1;0;1;0;1;1;B01
200600034422;0;1;0;0;2;2;15;A01
200600034424;0;1;0;0;2;0;1;B01
200600034425;0;1;0;0;1;0;1;A01
200600034427;0;1;0;0;2;0;1;B01
200600034432;0;1;0;0;2;1;15;B01
200600034437;0;1;0;0;2;0;1;B01
200600034440;0;1;0;0;2;0;19;B01
200600034455;0;1;0;0;2;1;1;A01
200600034456;0;1;0;0;0;0;1;B01
200600034463;0;1;0;0;0;4;2;B01
200600034464;0;1;0;0;2;8;1;B01
200600034466;0;1;0;0;2;1;1;B01
200600034468;0;1;0;0;2;1;1;B01
200600034477;0;1;0;0;2;1;0;B01
200600034485;0;1;0;0;2;8;19;B01
200600034491;0;1;0;0;2;1;15;A01
200600034499;0;1;0;0;2;1;14;A01
200600034502;0;1;0;0;2;1;9;A01
200600034505;0;1;0;0;2;1;15;A01
200600034508;0;1;0;0;2;1;19;B01
200600034517;0;1;0;0;2;0;0;B01
200600034518;0;1;0;0;2;1;19;A01
200600034520;0;1;0;0;2;7;1;A01
200600034539;0;1;0;0;2;8;0;B01
200600034554;0;1;0;0;2;2;1;B01
200600034561;0;1;0;0;2;7;9;A01
200600034579;0;1;0;0;2;6;15;A01
200600034603;0;1;0;0;2;8;19;A01
200600034605;0;1;0;0;2;8;1;B01
200600034615;0;1;0;0;2;1;1;B01
200600034620;0;1;0;0;2;1;1;B01
200600034643;0;1;0;0;2;1;5;A01
200600034666;0;1;0;0;2;1;5;A01
200600034671;0;1;0;0;2;1;13;A01
200600034688;0;1;0;0;2;1;1;B01
200600034689;0;1;0;1;0;1;1;B01
200600034697;0;1;0;0;2;1;1;B01
200600034705;0;1;0;0;0;1;1;B01
200600034718;0;1;0;0;1;1;1;A01
200600034720;0;1;0;0;2;6;1;B01
200600034722;0;1;0;0;2;1;19;B01
200600034729;2;1;0;0;1;1;1;A01
200600034731;0;1;0;0;2;1;1;A01
200600034731;0;1;0;0;2;8;15;B01
200600034735;0;1;0;0;4;8;11;A01
200600034739;0;1;0;0;2;1;19;A01
200600034741;0;1;0;0;2;1;1;A01
200600034741;0;1;0;0;2;1;1;B01
200600034747;0;1;0;0;2;7;1;A01
200600034749;0;1;0;1;0;1;1;B01
200600034750;0;1;0;0;2;1;1;B01
200600034753;0;1;0;0;2;1;1;B01
200600034754;0;1;0;0;2;1;19;B01
200600034761;0;1;0;0;1;1;1;A01
200600034772;0;1;0;0;2;1;1;B01
200600034780;0;1;0;0;2;7;15;B01
200600034783;0;1;0;0;2;1;5;B01
200600034784;0;1;0;0;2;1;1;B01
200600034785;0;1;0;0;2;1;15;A01
200600034787;0;1;0;0;2;8;19;B01
200600034788;0;1;0;0;2;3;19;B01
200600034792;0;1;0;0;2;3;1;B01
200600034793;0;1;0;0;2;1;1;B01
200600034816;0;1;0;0;2;2;1;B01
200600034833;0;1;0;0;2;1;13;A01
200600034849;0;1;0;0;1;7;1;A01
200600034854;0;1;0;0;2;1;1;B01
200600034870;0;1;0;0;2;1;1;B01
200600034909;0;1;0;0;0;1;1;B01
200600034914;0;1;0;0;0;1;1;B01
200600034917;0;1;0;0;0;7;19;B01
200600034926;0;1;0;0;0;7;1;B01
200600034959;0;1;0;0;2;1;1;B01
200600034970;0;1;0;0;2;1;1;B01
200600034983;0;1;0;0;2;2;1;B01
200600034984;0;1;0;0;2;3;1;B01
200600034994;0;1;0;0;2;3;1;B01
200600034998;0;1;0;0;2;3;11;A01
200600035019;0;1;0;0;2;1;2;A01
200600035031;0;1;0;0;2;1;1;B01
200600035037;0;1;0;0;1;1;16;A01
200600035038;0;1;0;0;1;1;16;A01
200600035039;0;1;0;0;2;3;1;A01
200600035047;0;1;0;0;1;1;1;A01
200600035053;0;1;0;0;2;3;1;B01
200600035057;0;1;0;0;2;3;18;A01
200600035067;0;1;0;0;2;3;1;B01
200600035068;0;1;0;0;2;3;1;B01
200600035074;0;1;0;0;0;0;1;A01
200600035083;0;1;0;0;2;3;15;A01
200600035084;0;1;0;0;2;3;18;A01
200600035119;0;1;0;0;2;1;7;B01
200600035124;0;1;0;0;2;3;19;A01
200600035127;0;1;0;0;2;1;1;B01
200600035133;0;1;0;0;1;1;1;A01
200600035143;0;1;0;0;2;3;1;B01
200600035144;0;1;0;0;0;0;1;A01
200600035174;0;1;0;0;1;1;1;A01
200600035177;0;1;0;0;2;6;15;A01
200600035195;0;1;0;0;2;1;1;B01
200600035201;0;1;0;0;2;1;1;B01
200600035202;0;1;0;0;2;1;1;B01
200600035204;0;1;0;0;2;1;1;A01
200600035213;0;1;0;0;2;1;1;B01
200600035230;0;1;0;0;1;1;1;A01
200600035235;0;1;0;0;2;2;1;B01
200600035240;0;1;0;0;1;1;1;A01
200600035242;0;1;0;0;2;1;1;A01
200600035249;0;1;0;0;2;1;1;B01
200600035255;0;1;0;0;0;0;1;A01
200600035259;0;1;0;0;2;2;1;B01
200600035262;0;1;0;0;2;3;1;B01
200600035263;0;1;0;0;1;1;16;A01
200600035265;0;1;0;0;2;1;19;A01
200600035284;0;1;0;0;2;3;7;B01
200600035290;0;1;0;0;1;1;7;A01
200600035327;0;1;0;0;2;4;21;A01
200600035327;0;1;0;0;2;1;1;B01
200600035352;0;1;0;0;0;0;21;A01
200600035356;0;1;0;0;1;1;1;A01
200600035389;0;1;0;0;2;3;15;B01
200600035399;0;1;0;0;2;3;19;A01
200600035406;0;1;0;0;1;1;1;A01
200600035409;0;1;0;0;0;1;12;A01
200600035413;0;1;0;0;2;1;18;B01
200600035418;0;1;0;0;2;1;1;B01
200600035425;0;1;0;0;2;1;1;B01
200600035439;0;1;0;0;0;0;1;A01
200600035446;0;1;0;0;2;1;2;A01
200600035452;0;1;0;0;2;1;5;A01
200600035454;0;1;0;0;2;1;2;A01
200600035456;0;1;0;0;1;1;16;A01
200600035473;0;1;0;0;2;2;19;A01
200600035474;0;1;0;0;2;1;21;A01
200600035474;0;1;0;0;2;1;1;B01
200600035501;0;1;0;12;0;1;1;A01
200600035509;0;1;0;0;0;0;7;A01
200600035512;0;1;0;0;2;2;1;A01
200600035521;0;1;0;0;2;3;21;A01
200600035522;0;1;0;0;2;5;1;B01
200600035571;0;1;0;0;2;3;11;A01
200600035601;0;1;0;0;2;1;7;B01
200600035627;0;1;0;0;0;0;1;A01
200600035642;0;1;0;0;2;6;19;A01
200600035644;0;1;0;0;2;2;1;B01
200600035645;0;1;0;0;1;1;5;A01
200600035648;0;1;0;0;0;0;21;A01
200600035665;0;1;0;0;2;2;15;A01
200600035671;0;1;0;0;2;1;1;B01
200600035691;0;1;0;0;0;0;21;A01
200600035695;0;1;0;0;2;4;2;B01
200600035707;0;1;0;0;2;1;1;A01
200600035734;0;1;0;0;2;2;7;B01
200600035787;0;1;0;0;2;1;1;B01
200600035805;0;1;0;0;2;0;19;A01
200600035806;0;1;0;0;1;1;1;A01
200600035809;0;1;0;1;0;1;2;A01
200600035810;0;1;0;0;2;8;2;B01
200600035826;0;1;0;0;2;1;1;B01
200600035837;0;1;0;0;2;1;1;B01
200600035862;0;1;0;1;0;1;2;B01
200600035874;0;1;0;0;2;1;2;A01
200600035874;0;1;0;0;2;4;2;B01
200600035886;0;1;0;0;2;8;19;A01
200600035893;0;1;0;0;1;1;5;A01
200600035897;0;1;0;0;2;8;19;B01
200600035916;0;1;0;0;2;8;2;B01
200600035919;0;1;0;0;2;1;13;A01
200600035919;0;1;0;0;2;1;21;B01
200600035922;0;1;0;0;2;1;2;A01
200600035923;0;1;0;0;0;8;19;B01
200600035924;0;1;0;0;2;1;15;B01
200600035930;0;1;0;0;2;0;15;A01
200600035931;0;1;0;0;2;0;1;B01
200600035949;0;1;0;0;2;1;1;B01
200600035960;0;1;0;0;2;8;1;B01
200600035967;0;1;0;0;2;7;1;B01
200600035975;0;1;0;0;1;1;1;A01
200600035981;0;1;0;0;2;1;1;B01
200600035985;0;1;0;0;2;8;19;B01
200600036000;0;1;0;1;0;7;17;B01
200600036010;0;1;0;0;1;1;1;A01
200600036017;0;1;0;0;2;4;1;B01
200600036034;0;1;0;0;2;1;1;A01
200600036035;1;1;0;0;0;0;0;A01
200600036045;0;1;0;1;0;1;1;A01
200600036063;0;1;0;0;2;4;19;B01
200600036069;0;1;0;0;2;1;0;B01
200600036081;0;1;0;0;2;0;1;B01
200600036085;0;1;0;0;2;1;1;B01
200600036100;0;1;0;0;0;0;1;B01
200600036135;0;1;0;0;2;1;5;B01
200600036143;0;1;0;0;2;1;15;B01
200600036144;0;1;0;0;2;8;15;B01
200600036150;0;1;0;0;2;0;0;B01
200600036154;0;1;0;0;2;7;1;B01
200600036166;0;1;0;0;2;1;2;B01
200600036174;0;1;0;0;2;4;1;B01
200600036176;0;1;0;0;2;1;13;B01
200600036222;0;1;0;0;2;1;1;A01
200600036277;0;1;0;0;2;7;1;C01
200600036300;0;1;0;0;2;1;1;B01
200600036306;0;1;0;0;2;7;19;B01
200600036315;0;1;0;0;2;1;0;A01
200600036315;0;1;0;0;2;1;0;B01
200600036316;0;1;0;0;0;2;17;B01
200600036320;0;1;0;0;2;1;1;A01
200600036330;0;1;0;0;2;1;1;B01
200600036356;0;1;0;0;2;1;16;B01
200600036378;0;1;0;0;0;1;2;B01
200600036379;0;1;0;0;2;1;1;A01
200600036380;0;1;0;0;0;1;1;A01
200600036381;0;1;0;0;0;1;1;B01
200600036382;0;1;0;0;2;1;1;A01
200600036383;0;1;0;0;0;8;1;B01
200600036395;0;1;0;0;2;1;1;B01
200600036403;0;1;0;0;0;0;1;B01
200600036406;0;1;0;0;2;5;0;B01
200600036463;0;1;0;0;2;1;16;B01
200600036473;0;1;0;0;2;1;1;A01
200600036479;0;1;0;0;2;1;1;B01
200600036526;0;1;0;0;2;4;1;B01
200600036533;0;1;0;0;2;4;2;B01
200600036535;0;1;0;0;2;1;1;A01
200600036538;0;1;0;0;2;0;1;A01
200600036602;0;1;0;1;0;1;1;B01
200600036604;0;1;0;0;2;1;19;A01
200600036613;0;1;0;0;2;1;1;A01
200600036648;0;1;0;0;2;3;9;B01
200600036650;0;1;0;0;2;8;15;A01
200600036654;0;1;0;0;2;4;15;A01
200600036658;0;1;0;0;2;3;15;A01
200600036659;0;1;0;0;2;1;10;A01
200600036675;0;1;0;11;2;8;0;A01
200600036683;0;1;0;0;2;1;2;A01
200600036686;0;1;0;0;2;1;9;A01
200600036703;0;1;0;0;2;4;2;B01
200600036715;0;1;0;0;0;2;2;B01
200600036729;0;1;0;0;2;7;5;A01
200600036735;0;1;0;0;0;4;1;A01
200600036741;0;1;0;0;2;1;9;A01
200600036759;0;1;0;0;0;0;0;A01
200600036763;0;1;0;0;2;8;0;A01
200600036766;0;1;0;0;1;1;0;A01
200600036776;0;1;0;0;0;0;0;A01
200600036785;0;1;0;0;2;0;1;B01
200600036792;0;1;0;1;0;8;2;B01
200600036809;0;1;0;0;2;1;2;A01
200600036834;0;1;0;0;0;0;19;A01
200600036842;0;1;0;0;1;1;0;A01
200600036861;0;1;0;0;1;1;0;A01
200600036862;0;1;0;0;2;1;1;B01
200600036867;0;1;0;0;2;1;1;A01
200600036870;0;1;0;1;0;1;14;A01
200600036881;0;1;0;0;2;2;19;B01
200600036940;0;1;0;0;2;8;1;A01
200600036943;0;1;0;0;2;8;1;B01
200600036966;0;1;0;0;2;0;1;A01
200600036998;0;1;0;0;2;7;19;B01
200600037020;0;1;0;0;2;3;15;B01
200600037038;0;1;0;0;1;1;1;X01
200600037079;0;1;0;1;0;1;21;B01
200600037254;0;1;0;0;0;0;2;A01
200600037373;0;1;0;0;2;8;13;A01
200600037382;0;1;0;0;2;4;5;B01
200600037386;0;1;0;0;2;2;0;B01
200600037391;0;1;0;0;1;1;1;A01
200600037403;0;1;0;0;2;1;1;B01
200600037424;0;1;0;0;9;1;5;A01
200600037457;0;1;0;1;0;1;1;B01
200600037518;0;1;0;0;2;1;1;B01
200600037575;0;1;0;0;2;3;1;B01
200600037578;0;1;0;0;2;1;19;B01
200600037580;0;1;0;0;2;7;1;B01
200600037595;0;1;0;0;2;1;1;B01
200600037607;0;1;0;0;2;8;15;B01
200600037644;0;1;0;0;2;1;16;A01
200600037675;0;1;0;0;2;8;1;B01
200600037691;0;1;0;0;2;1;1;B01
200600037697;0;1;0;0;2;3;18;B01
200600037699;0;1;0;0;2;1;5;A01
200600037714;0;1;0;0;2;1;1;B01
200600037740;0;1;0;0;2;0;2;A01
200600037740;0;1;0;0;2;0;2;B01
200600037744;0;1;0;0;2;0;2;A01
200600037749;0;1;0;0;1;0;0;A01
200600037819;0;1;0;0;2;0;0;C01
200600037847;0;1;0;0;2;1;1;B01
200600037848;0;1;0;0;2;4;1;D01
200600037848;0;1;0;0;2;1;2;C01
200600037848;0;1;0;0;2;4;1;B01
200600037865;0;1;0;0;0;0;1;B01
200600037896;0;1;0;0;2;8;1;B01
200600037937;0;1;0;0;2;4;0;A01
200600037945;0;1;0;0;0;5;16;B01
200600037957;0;1;0;0;2;3;1;B01
200600038036;0;1;0;0;1;0;18;A01
200600038044;0;1;0;0;2;0;0;A01
200600038094;0;1;0;0;2;8;19;B01
200600038131;0;1;0;0;2;1;12;B01
200600038199;0;1;0;0;5;1;1;A01
200600038202;0;1;0;0;2;7;1;A01
200600038215;0;1;0;0;2;4;2;B01
200600038220;0;1;0;0;2;1;1;B01
200600038225;0;1;0;0;2;7;1;B01
200600038229;0;1;0;0;2;8;1;B01
200600038257;0;1;0;0;2;4;2;B01
200600038267;0;1;0;0;2;4;2;B01
200600038268;0;1;0;0;2;4;1;B01
200600038269;0;1;0;1;2;0;15;B01
200600038278;0;1;0;0;2;8;15;A01
200600038278;0;1;0;0;2;1;1;B01
200600038280;0;1;0;0;2;3;1;B01
200600038288;0;1;0;0;2;1;1;B01
200600038302;0;1;0;0;2;4;2;B01
200600038371;0;1;0;1;0;1;5;A01
200600038374;0;1;0;0;1;1;1;A01
200600038379;0;1;0;0;0;4;2;B01
200600038385;0;1;0;0;0;7;1;B01
200600038423;0;1;0;0;2;1;1;B01
200600038444;0;1;0;0;1;1;1;A01
200600038453;0;1;0;0;2;4;1;B01
200600038484;0;1;0;0;2;3;1;A01
200600038486;0;1;0;0;2;1;1;B01
200600038497;0;1;0;1;0;1;1;B01
200600038507;0;1;0;0;2;7;19;A01
200600038509;0;1;0;0;2;1;1;B01
200600038509;0;1;0;0;2;1;1;C01
200600038517;0;1;0;0;2;1;19;A01
200600038523;0;1;0;0;2;1;1;A01
200600038534;0;1;0;0;2;4;1;B01
200600038546;0;1;0;0;2;1;15;B01
200600038552;0;1;0;0;2;7;0;B01
200600038583;0;1;0;0;2;1;0;A01
200600038598;0;1;0;0;2;1;2;A01
200600038599;0;1;0;0;2;8;1;B01
200600038602;0;1;0;0;2;1;5;A01
200600038629;0;1;0;1;2;4;19;B01
200600038629;0;1;0;0;2;1;19;C01
200600038630;0;1;0;0;2;1;5;A01
200600038631;0;1;0;0;1;1;1;A01
200600038632;0;1;0;1;0;1;1;B01
200600038641;0;1;0;0;2;2;1;B01
200600038649;0;1;0;0;2;1;1;A01
200600038689;0;1;0;0;2;7;1;B01
200600038706;0;1;0;0;2;1;21;B01
200600038709;0;1;0;0;0;8;1;B01
200600038720;0;1;0;0;2;8;0;A01
200600038728;0;1;0;0;1;1;1;A01
200600038754;0;1;0;0;2;1;1;A01
200600038774;0;1;0;0;2;7;19;A01
200600038794;0;1;0;0;2;7;1;B01
200600038800;0;1;0;0;2;1;5;A01
200600038804;0;1;0;0;2;1;5;A01
200600038806;0;1;0;0;2;1;15;B01
200600038814;0;1;0;0;2;8;0;A01
200600038842;0;1;0;1;0;7;1;A01
200600038843;0;1;0;0;2;6;19;B01
200600038844;0;1;0;0;2;0;1;A01
200600038848;0;1;0;0;2;1;1;B01
200600038853;0;1;0;0;2;1;1;B01
200600038856;0;1;0;0;2;7;1;B01
200600038860;0;1;0;0;2;1;5;A01
200600038869;0;1;0;0;2;1;1;B01
200600038872;0;1;0;0;2;1;2;A01
200600038881;0;1;0;0;2;1;1;A01
200600038883;0;1;0;0;2;1;17;A01
200600038885;0;1;0;0;2;1;13;A01
200600038891;0;1;0;0;2;8;1;A01
200600038895;0;1;0;0;2;8;1;A01
200600038901;0;1;0;0;2;4;1;A01
200600038916;0;1;0;0;2;1;1;B01
200600038922;0;1;0;0;0;0;1;B01
200600038946;0;1;0;0;2;7;0;B01
200600038952;0;1;0;14;0;1;2;A01
200600038956;0;1;0;0;2;6;0;B01
200600038970;0;1;0;0;2;1;1;B01
200600038981;0;1;0;0;2;1;1;A01
200600038985;0;1;0;0;2;1;1;B01
200600038988;0;1;0;0;2;0;1;B01
200600038990;0;1;0;1;0;9;0;B01
200600038996;0;1;0;0;2;1;5;B01
200600039003;0;1;0;0;2;4;2;B01
200600039019;0;1;0;0;2;4;23;B01
200600039029;0;1;0;0;2;1;19;A01
200600039038;0;1;0;0;0;3;1;B01
200600039042;0;1;0;0;2;1;1;A01
200600039043;0;1;0;0;2;1;1;A01
200600039047;0;1;0;0;4;1;5;A01
200600039053;0;1;0;0;2;1;16;A01
200600039063;0;1;0;0;0;4;12;B01
200600039081;0;1;0;0;2;1;1;A01
200600039082;0;1;0;0;2;0;1;B01
200600039085;0;1;0;0;2;4;15;B01
200600039094;0;1;0;12;0;0;16;A01
200600039099;0;1;0;0;2;0;1;A01
200600039104;0;1;0;0;2;8;9;A01
200600039112;0;1;0;0;1;1;1;B01
200600039117;0;1;0;0;2;4;1;B01
200600039118;0;1;0;0;1;1;1;A01
200600039124;0;1;0;0;1;1;1;A01
200600039134;0;1;0;0;2;1;2;A01
200600039135;0;1;0;0;2;1;1;B01
200600039135;0;1;0;0;2;1;1;C01
200600039146;0;1;0;0;2;1;1;B01
200600039162;0;1;0;0;2;3;13;A01
200600039166;0;1;0;12;0;1;19;A01