Num_Acc;senc;catv;occutc;obs;obsm;choc;manv;num_veh
200600039187;0;1;0;0;2;1;1;A01
200600039195;0;1;0;0;2;1;1;B01
200600039196;0;1;0;0;2;8;1;B01
200600039200;0;1;0;1;0;1;1;B01
200600039201;0;1;0;0;2;1;1;A01
200600039205;0;1;0;0;2;1;1;B01
200600039226;0;1;0;0;2;8;1;B01
200600039236;0;1;0;0;2;1;1;B01
200600039241;0;1;0;0;1;1;1;A01
200600039242;0;1;0;0;0;0;1;A01
200600039245;0;1;0;0;2;7;1;B01
200600039251;0;1;0;12;0;7;1;A01
200600039252;0;1;0;0;0;7;2;B01
200600039256;0;1;0;0;0;7;1;A01
200600039257;0;1;0;0;2;7;1;B01
200600039260;0;1;0;0;0;0;1;A01
200600039265;0;1;0;0;2;1;21;B01
200600039277;0;1;0;0;2;3;1;B01
200600039277;0;1;0;0;2;3;1;C01
200600039320;0;1;0;0;2;8;2;A01
200600039322;0;1;0;0;2;1;1;B01
200600039338;0;1;0;0;2;3;16;B01
200600039340;0;1;0;0;2;1;15;A01
200600039344;0;1;0;0;2;1;0;A01
200600039347;0;1;0;0;2;1;1;A01
200600039356;0;1;0;0;2;8;0;B01
200600039375;0;1;0;0;2;1;17;B01
200600039379;0;1;0;0;2;1;1;A01
200600039382;0;1;0;0;2;4;1;B01
200600039389;0;1;0;1;0;1;1;B01
200600039391;0;1;0;0;2;1;16;A01
200600039392;0;1;0;0;2;1;2;B01
200600039396;0;1;0;0;2;1;1;A01
200600039434;0;1;0;1;0;0;1;B01
200600039437;0;1;0;0;2;1;15;B01
200600039441;0;1;0;0;2;0;1;B01
200600039453;0;1;0;0;2;4;1;B01
200600039456;0;1;0;1;0;1;14;A01
200600039475;0;1;0;0;2;0;1;B01
200600039476;0;1;0;1;0;7;1;A01
200600039483;0;1;0;0;2;0;19;B01
200600039511;0;1;0;0;2;1;21;B01
200600039520;1;1;0;0;1;0;0;A01
200600039563;0;1;0;0;2;4;21;B01
200600039565;0;1;0;15;0;1;0;A01
200600039567;0;1;0;0;2;1;1;B01
200600039584;0;1;0;0;2;3;1;B01
200600039601;0;1;0;0;0;0;0;B01
200600039611;0;1;0;0;2;7;1;B01
200600039623;0;1;0;0;2;1;1;B01
200600039623;0;1;0;0;2;8;19;A01
200600039676;0;1;0;0;2;7;1;B01
200600039697;0;1;0;0;2;4;1;B01
200600039704;0;1;0;1;0;1;1;B01
200600039712;0;1;0;0;2;4;1;B01
200600039718;0;1;0;0;2;1;1;A01
200600039724;0;1;0;2;0;0;0;B01
200600039764;0;1;0;0;2;8;19;B01
200600039766;0;1;0;0;2;8;19;B01
200600039771;0;1;0;0;2;1;5;A01
200600039788;0;1;0;0;2;1;19;B01
200600039789;0;1;0;0;2;8;19;B01
200600039790;0;1;0;0;2;1;16;B01
200600039792;0;1;0;0;2;2;5;B01
200600039793;0;1;0;0;2;1;19;A01
200600039801;0;1;0;1;0;1;1;B01
200600039812;0;1;0;0;2;1;1;A01
200600039818;0;1;0;1;0;1;2;B01
200600039821;0;1;0;0;2;1;1;A01
200600039823;0;1;0;0;2;1;2;A01
200600039831;0;1;0;0;2;4;0;B01
200600039872;0;1;0;0;2;2;17;B01
200600039877;0;1;0;0;2;1;19;A01
200600039891;0;1;0;0;0;5;1;A01
200600039892;0;1;0;0;0;7;9;A01
200600039902;0;1;0;16;0;7;1;A01
200600039903;0;1;0;0;0;8;1;B01
200600039904;0;1;0;0;0;1;1;B01
200600039944;0;1;0;0;0;2;1;B01
200600039945;0;1;0;0;0;7;1;B01
200600039946;0;1;0;0;2;8;1;B01
200600039947;0;1;0;0;2;4;19;A01
200600039956;0;1;0;0;2;1;1;B01
200600039967;0;1;0;0;2;1;1;A01
200600039978;0;1;0;0;2;6;11;A01
200600039980;0;1;0;0;0;0;1;A01
200600039990;0;1;0;0;1;1;1;A01
200600039993;0;1;0;0;2;2;1;B01
200600040001;0;1;0;0;2;1;16;A01
200600040002;0;1;0;0;2;2;1;B01
200600040010;0;1;0;0;1;1;1;A01
200600040015;0;1;0;0;0;1;1;A01
200600040041;0;1;0;0;0;1;1;A01
200600040046;0;1;0;0;2;2;19;A01
200600040049;0;1;0;0;2;3;1;B01
200600040050;0;1;0;0;2;2;1;B01
200600040052;0;1;0;0;2;2;1;B01
200600040054;0;1;0;0;2;1;1;B01
200600040106;0;1;0;0;2;4;1;B01
200600040116;0;1;0;0;2;2;1;B01
200600040124;0;1;0;0;2;2;1;A01
200600040131;0;1;0;0;2;3;19;A01
200600040143;0;1;0;0;0;0;21;A01
200600040152;0;1;0;0;0;0;1;A01
200600040173;0;1;0;0;0;0;1;A01
200600040192;0;1;0;0;2;2;1;A01
200600040200;0;1;0;0;2;3;1;B01
200600040219;0;1;0;0;2;6;1;B01
200600040244;0;1;0;0;1;1;1;A01
200600040247;0;1;0;0;2;2;1;B01
200600040252;0;1;0;0;0;0;21;A01
200600040253;0;1;0;0;2;2;1;B01
200600040254;0;1;0;0;2;1;1;A01
200600040263;0;1;0;14;0;3;1;A01
200600040273;0;1;0;0;2;2;1;A01
200600040275;0;1;0;0;2;4;1;B01
200600040293;0;1;0;0;2;6;19;A01
200600040317;0;1;0;0;2;4;15;B01
200600040327;0;1;0;0;2;6;11;A01
200600040334;0;1;0;0;2;2;15;B01
200600040339;0;1;0;0;2;3;19;A01
200600040341;0;1;0;0;2;6;1;B01
200600040347;0;1;0;0;1;1;1;A01
200600040367;0;1;0;0;2;1;7;B01
200600040380;0;1;0;0;2;4;1;B01
200600040395;0;1;0;0;2;3;21;A01
200600040400;0;1;0;0;2;3;19;A01
200600040412;0;1;0;0;2;1;1;B01
200600040431;0;1;0;1;0;1;14;A01
200600040433;0;1;0;0;1;1;1;A01
200600040438;0;1;0;0;2;3;1;A01
200600040450;0;1;0;0;2;4;1;B01
200600040451;0;1;0;0;2;2;1;B01
200600040455;0;1;0;0;2;1;1;A01
200600040458;0;1;0;0;1;1;1;A01
200600040462;0;1;0;1;2;1;18;A01
200600040464;0;1;0;0;2;2;1;B01
200600040469;0;1;0;0;2;6;19;A01
200600040471;0;1;0;0;2;3;1;B01
200600040477;0;1;0;0;2;6;1;B01
200600040496;0;1;0;0;2;2;1;B01
200600040497;0;1;0;0;2;3;7;B01
200600040508;0;1;0;0;0;0;1;A01
200600040540;0;1;0;0;2;2;17;A01
200600040546;0;1;0;0;2;1;1;B01
200600040573;0;1;0;0;2;1;11;A01
200600040600;0;1;0;0;2;2;19;A01
200600040605;0;1;0;0;2;2;9;A01
200600040626;0;1;0;0;2;3;15;B01
200600040628;0;1;0;0;0;4;13;A01
200600040629;0;1;0;0;0;6;1;B01
200600040636;0;1;0;0;1;0;0;A01
200600040644;0;1;0;1;0;1;1;B01
200600040649;0;1;0;0;2;2;10;A01
200600040652;0;1;0;0;2;0;15;A01
200600040655;0;1;0;0;2;8;0;B01
200600040656;0;1;0;0;2;1;1;A01
200600040662;0;1;0;0;2;4;2;A01
200600040663;0;1;0;0;2;1;19;A01
200600040679;0;1;0;0;2;8;0;B01
200600040683;0;1;0;0;2;8;1;A01
200600040684;0;1;0;0;2;1;5;A01
200600040704;0;1;0;0;2;8;2;B01
200600040721;0;1;0;0;2;1;1;B01
200600040737;0;1;0;0;0;7;1;A01
200600040744;0;1;0;12;0;0;1;A01
200600040747;0;1;0;0;2;1;0;B01
200600040760;0;1;0;1;0;1;2;B01
200600040767;0;1;0;0;2;0;0;A01
200600040788;0;1;0;0;2;1;1;B01
200600040789;0;1;0;0;2;8;15;B01
200600040814;0;1;0;0;2;1;1;B01
200600040822;0;1;0;0;0;4;14;A01
200600040835;0;1;0;0;2;4;1;B01
200600040847;0;1;0;0;2;4;0;B01
200600040856;0;1;0;0;2;7;1;B01
200600040857;0;1;0;0;2;1;1;B01
200600040860;0;1;0;0;2;1;15;A01
200600040866;0;1;0;0;2;7;1;B01
200600040876;0;1;0;0;2;1;1;B01
200600040916;0;1;0;0;2;8;19;A01
200600040941;0;1;0;0;2;1;1;A01
200600040956;0;1;0;1;0;1;1;B01
200600040975;0;1;0;0;2;7;1;B01
200600040980;0;1;0;0;0;0;1;B01
200600040980;0;1;0;0;0;4;1;C01
200600040990;0;1;0;0;2;1;2;A01
200600041006;0;1;0;0;2;3;11;A01
200600041032;0;1;0;0;2;1;5;B01
200600041037;0;1;0;0;2;1;1;A01
200600041039;0;1;0;0;2;7;13;A01
200600041051;0;1;0;0;2;1;1;B01
200600041055;0;1;0;0;2;7;1;A01
200600041058;0;1;0;0;2;8;11;A01
200600041059;0;1;0;1;0;1;1;B01
200600041060;0;1;0;0;0;7;0;B01
200600041061;0;1;0;0;2;3;2;B01
200600041078;0;1;0;0;2;1;0;B01
200600041091;0;1;0;0;2;4;1;B01
200600041093;0;1;0;0;2;8;1;A01
200600041098;0;1;0;0;2;1;1;B01
200600041099;0;1;0;0;2;3;11;A01
200600041124;0;1;0;0;2;1;1;B01
200600041132;0;1;0;0;2;1;21;A01
200600041143;0;1;0;0;2;1;1;B01
200600041153;0;1;0;0;9;1;19;A01
200600041166;0;1;0;0;0;1;1;B01
200600041170;0;1;0;0;2;0;19;B01
200600041174;0;1;0;0;0;4;1;B01
200600041204;0;1;0;0;0;4;1;B01
200600041219;0;1;0;0;2;8;1;B01
200600041261;0;1;0;0;2;1;17;B01
200600041273;0;1;0;0;2;6;19;A01
200600041283;0;1;0;0;2;7;1;B01
200600041303;0;1;0;0;1;8;1;A01
200600041311;0;1;0;1;2;7;2;B01
200600041322;0;1;0;1;9;2;0;B01
200600041371;0;1;0;0;0;1;1;A01
200600041393;0;1;0;1;0;1;1;B01
200600041403;0;1;0;0;2;1;16;B01
200600041408;0;1;0;1;0;8;22;B01
200600041414;0;1;0;0;0;8;2;B01
200600041461;0;1;0;1;2;1;5;B01
200600041470;0;1;0;0;2;1;0;B01
200600041477;0;1;0;0;0;0;21;B01
200600041516;0;1;0;1;2;1;1;C01
200600041555;0;1;0;0;2;1;2;A01
200600041580;0;1;0;0;2;1;9;B01
200600041592;0;1;0;0;2;1;1;B01
200600041613;0;1;0;0;0;0;1;A01
200600041646;0;1;0;0;2;1;19;C01
200600041649;0;1;0;0;2;0;1;B01
200600041652;0;1;0;0;2;4;1;B01
200600041692;0;1;0;0;0;4;2;B01
200600041707;0;1;0;0;2;1;1;B01
200600041727;0;1;0;1;0;1;1;B01
200600041748;0;1;0;0;2;4;1;B01
200600041762;0;1;0;0;1;0;0;A01
200600041763;0;1;0;0;1;1;0;B01
200600042018;0;1;0;0;2;1;1;B01
200600042027;0;1;0;0;2;2;15;B01
200600042082;0;1;0;0;1;7;1;A01
200600042084;0;1;0;0;2;1;1;B01
200600042130;0;1;0;0;1;0;0;A01
200600042202;0;1;0;0;2;1;13;A01
200600042216;0;1;0;0;2;1;1;B01
200600042227;0;1;0;0;2;1;15;A01
200600042238;0;1;0;0;2;1;1;B01
200600042242;0;1;0;0;2;3;1;B01
200600042251;0;1;0;0;0;7;16;B01
200600042290;0;1;0;0;2;8;19;B02
200600042306;0;1;0;0;2;3;15;B02
200600042308;0;1;0;0;2;1;1;B02
200600042340;0;1;0;0;0;4;0;B02
200600042344;0;1;0;0;0;4;2;A01
200600042369;0;1;0;0;2;3;1;B02
200600042392;0;1;0;0;0;4;2;B02
200600042392;0;1;0;0;0;4;1;C03
200600042396;0;1;0;0;2;1;0;B02
200600042402;0;1;0;0;2;2;15;B02
200600042406;0;1;0;0;2;0;5;B02
200600042429;0;1;0;0;2;1;1;B02
200600042446;0;1;0;0;2;1;1;B02
200600042447;0;1;0;0;2;8;15;B02
200600042465;0;1;0;0;2;1;15;B02
200600042499;0;1;0;0;2;1;1;A01
200600042513;0;1;0;0;2;1;1;B02
200600042532;0;1;0;0;0;0;5;B02
200600042537;0;1;0;0;2;7;15;A01
200600042569;0;1;0;0;2;3;15;A01
200600042569;0;1;0;0;2;1;1;B02
200600042576;0;1;0;0;0;6;15;B02
200600042578;0;1;0;0;2;1;1;B02
200600042580;0;1;0;0;0;4;1;B02
200600042586;0;1;0;0;0;4;2;B02
200600042587;0;1;0;0;2;4;15;A01
200600042610;0;1;0;0;0;0;21;A01
200600042610;0;1;0;0;9;0;1;B02
200600042626;0;1;0;0;2;1;1;B02
200600042626;0;1;0;0;2;1;1;C03
200600042638;0;1;0;0;2;1;19;B02
200600042643;0;1;0;0;2;1;19;B02
200600042677;0;1;0;0;0;0;1;A01
200600042703;0;1;0;0;2;1;1;B02
200600042717;0;1;0;0;2;3;15;B02
200600042721;0;1;0;0;2;8;1;B02
200600042723;0;1;0;0;0;4;1;B02
200600042724;0;1;0;0;2;8;1;C03
200600042740;0;1;0;1;0;1;2;B02
200600042743;0;1;0;0;2;1;1;A01
200600042744;0;1;0;0;2;3;15;B02
200600042764;0;1;0;0;2;7;12;B02
200600042773;0;1;0;0;2;5;14;B02
200600042794;0;1;0;0;0;0;1;A01
200600042796;0;1;0;0;0;4;11;B02
200600042806;0;1;0;0;2;1;1;B02
200600042835;0;1;0;0;2;8;19;B02
200600042838;0;1;0;0;2;1;16;B02
200600042877;0;1;0;1;0;1;1;B02
200600042901;0;1;0;0;2;8;1;B02
200600042901;0;1;0;0;2;4;1;C03
200600042918;0;1;0;0;0;7;15;A01
200600042948;0;1;0;1;0;1;1;A01
200600042980;0;1;0;0;1;8;19;A01
200600042996;0;1;0;0;2;1;1;B02
200600043011;0;1;0;0;2;8;15;B02
200600043011;0;1;0;0;2;4;15;C03
200600043014;0;1;0;0;2;8;13;B02
200600043016;0;1;0;0;0;1;0;A01
200600043041;0;1;0;0;2;8;19;B02
200600043079;0;1;0;0;0;4;1;B02
200600043085;0;1;0;0;0;1;1;B02
200600043092;0;1;0;0;2;8;13;A01
200600043095;0;1;0;0;0;4;13;B02
200600043102;0;1;0;0;2;2;1;A01
200600043140;0;1;0;0;2;1;15;A01
200600043144;0;1;0;0;0;6;1;B02
200600043154;0;1;0;0;2;1;1;B02
200600043214;0;1;0;0;0;8;1;B02
200600043230;0;1;0;0;2;8;2;A01
200600043247;0;1;0;0;0;4;1;B02
200600043269;0;1;0;0;0;8;19;B02
200600043271;0;1;0;0;2;8;9;A01
200600043285;0;1;0;0;2;1;1;B02
200600043290;0;1;0;0;9;1;1;A01
200600043301;0;1;0;0;0;7;5;B02
200600043310;0;1;0;0;0;8;15;A01
200600043330;0;1;0;0;0;4;2;B02
200600043349;0;1;0;0;0;1;0;B02
200600043362;0;1;0;0;2;8;13;B02
200600043365;0;1;0;0;0;6;15;B02
200600043375;0;1;0;0;0;0;1;A01
200600043384;0;1;0;0;2;6;19;B02
200600043386;0;1;0;0;0;4;16;A01
200600043389;0;1;0;0;2;1;21;B02
200600043392;0;1;0;0;2;8;10;B02
200600043397;0;1;0;0;2;3;1;B02
200600043400;0;1;0;0;0;4;15;B02
200600043423;0;1;0;0;2;1;1;B02
200600043428;0;1;0;0;2;2;0;B02
200600043433;0;1;0;4;0;8;0;A01
200600043441;0;1;0;0;2;1;1;B02
200600043456;0;1;0;0;2;1;1;C03
200600043466;0;1;0;0;2;1;21;B02
200600043469;0;1;0;0;0;4;1;B02
200600043471;0;1;0;5;0;7;14;A01
200600043473;0;1;0;0;0;0;1;A01
200600043500;0;1;0;0;0;8;15;A01
200600043527;0;1;0;0;0;0;0;B02
200600043533;0;1;0;0;1;1;1;A01
200600043613;0;1;0;0;9;4;2;B02
200600043629;0;1;0;0;2;3;9;A01
200600043643;0;1;0;0;2;1;0;B02
200600043663;0;1;0;0;2;1;1;A01
200600043663;0;1;0;0;2;1;1;B02
200600043665;0;1;0;0;2;4;1;B02
200600043673;0;1;0;0;2;2;1;A01
200600043680;0;1;0;0;2;1;19;B02
200600043682;0;1;0;0;2;6;2;B02
200600043687;0;1;0;0;0;8;0;B02
200600043689;0;1;0;0;0;7;14;B02
200600043695;0;1;0;0;2;1;1;B02
200600043700;0;1;0;0;0;7;1;B02
200600043708;0;1;0;0;2;6;1;A01
200600043710;0;1;0;0;2;1;13;B02
200600043713;0;1;0;0;2;1;1;A01
200600043713;0;1;0;0;2;1;1;B02
200600043750;0;1;0;0;2;1;1;B02
200600043777;0;1;0;0;9;0;13;B02
200600043787;0;1;0;6;0;8;16;A01
200600043793;0;1;0;0;2;1;1;A01
200600043808;0;1;0;0;2;1;15;A01
200600043822;0;1;0;0;0;4;1;B02
200600043859;0;1;0;0;2;8;19;B02
200600043870;0;1;0;0;2;1;1;B02
200600043870;0;1;0;0;2;1;1;C03
200600043875;0;1;0;0;9;1;17;A01
200600043885;0;1;0;0;2;7;1;B02
200600043895;0;1;0;0;2;1;19;B02
200600043902;0;1;0;0;0;0;1;A01
200600043904;0;1;0;16;0;0;1;A01
200600043911;0;1;0;0;2;1;1;B02
200600043967;0;1;0;0;2;1;15;A01
200600043977;0;1;0;0;2;8;13;B02
200600043982;0;1;0;0;0;4;1;B02
200600043994;0;1;0;0;0;0;1;A01
200600044057;0;1;0;0;2;3;1;A01
200600044064;0;1;0;0;0;4;2;B02
200600044075;0;1;0;0;2;1;1;A01
200600044083;0;1;0;0;2;6;13;B02
200600044088;0;1;0;0;2;6;2;B02
200600044098;0;1;0;0;2;1;5;A01
200600044104;0;1;0;0;2;1;13;B02
200600044114;0;1;0;0;0;0;0;B02
200600044115;0;1;0;0;0;5;1;B02
200600044121;0;1;0;0;2;8;10;B02
200600044137;0;1;0;0;2;4;1;B02
200600044137;0;1;0;0;2;4;1;C03
200600044171;0;1;0;0;2;4;18;A01
200600044183;0;1;0;0;2;8;1;B02
200600044185;0;1;0;0;2;8;15;B02
200600044195;0;1;0;0;2;1;0;B02
200600044208;0;1;0;0;2;4;15;B02
200600044216;0;1;0;0;2;4;1;B02
200600044271;0;1;0;0;2;1;2;B02
200600044276;0;1;0;0;0;7;1;B02
200600044283;0;1;0;0;0;0;1;B02
200600044286;0;1;0;0;0;3;2;A01
200600044330;0;1;0;0;2;4;3;B02
200600044339;0;1;0;0;2;1;1;B02
200600044347;0;1;0;0;2;4;1;B02
200600044360;0;1;0;0;2;1;9;B02
200600044379;0;1;0;0;0;0;0;A01
200600044380;0;1;0;0;0;0;21;B02
200600044408;0;1;0;0;2;1;10;B02
200600044417;0;1;0;0;2;1;13;B02
200600044418;0;1;0;0;2;3;13;A01
200600044446;0;1;0;0;2;1;19;B02
200600044453;0;1;0;16;0;7;1;A01
200600044465;0;1;0;0;1;8;15;A01
200600044467;0;1;0;0;2;8;5;B02
200600044516;0;1;0;0;0;7;19;B02
200600044518;0;1;0;0;0;4;1;B02
200600044519;0;1;0;0;2;8;1;B02
200600044533;0;1;0;0;2;8;13;A01
200600044627;0;1;0;0;2;6;9;A01
200600044652;0;1;0;0;2;8;1;B02
200600044663;0;1;0;0;2;1;1;B02
200600044710;0;1;0;0;2;1;13;A01
200600044710;0;1;0;0;0;1;21;C03
200600044726;0;1;0;0;2;3;13;B02
200600044773;0;1;0;0;2;8;1;B02
200600044797;0;1;0;0;2;1;19;B01
200600044799;0;1;0;0;2;1;1;B01
200600044805;0;1;0;0;1;1;17;A01
200600044818;0;1;0;0;2;7;15;B01
200600044821;0;1;0;0;1;7;1;A01
200600044829;0;1;0;0;1;1;1;A01
200600044831;0;1;0;0;1;1;2;B01
200600044847;0;1;0;0;2;3;1;B02
200600044856;0;1;0;0;2;8;1;A01
200600044860;0;1;0;0;2;1;14;B02
200600044915;0;1;0;0;2;1;13;B02
200600044953;0;1;0;0;0;8;23;B02
200600044953;0;1;0;0;2;4;23;C03
200600044967;0;1;0;0;0;8;2;A01
200600044970;0;1;0;0;2;1;1;A01
200600044973;0;1;0;0;2;1;15;B02
200600044975;0;1;0;0;2;3;16;A01
200600045025;0;1;0;0;2;0;19;B02
200600045029;0;1;0;0;5;0;1;A01
200600045053;0;1;0;0;2;4;2;B02
200600045080;0;1;0;0;2;3;19;B02
200600045095;0;1;0;0;0;4;1;B02
200600045106;0;1;0;0;2;2;1;A01
200600045106;0;1;0;0;0;2;1;B02
200600045132;0;1;0;0;2;8;19;B02
200600045149;0;1;0;0;2;4;15;A01
200600045170;0;1;0;0;2;3;15;B02
200600045262;0;1;0;2;0;8;19;A01
200600045276;0;1;0;0;2;8;1;B02
200600045283;0;1;0;0;2;4;15;A01
200600045287;0;1;0;0;2;1;1;B02
200600045310;0;1;0;0;2;1;1;B02
200600045322;0;1;0;0;0;4;1;A01
200600045328;0;1;0;0;2;3;15;B02
200600045331;0;1;0;0;2;4;15;B02
200600045335;0;1;0;11;0;1;1;A01
200600045379;0;1;0;0;2;8;16;B02
200600045390;0;1;0;0;2;7;1;A01
200600045400;0;1;0;0;0;1;2;B02
200600045426;0;1;0;0;2;4;15;B02
200600045437;0;1;0;0;2;8;11;B02
200600045446;0;1;0;0;0;4;1;B02
200600045452;0;1;0;0;2;1;19;B02
200600045466;0;1;0;13;2;0;1;B02
200600045489;0;1;0;0;2;0;1;B02
200600045493;0;1;0;0;0;8;10;A01
200600045522;0;1;0;0;2;1;1;A01
200600045538;0;1;0;0;2;1;1;B02
200600045572;0;1;0;0;2;3;19;A01
200600045577;0;1;0;1;0;1;0;B02
200600045593;0;1;0;0;2;1;19;B02
200600045594;0;1;0;0;2;1;1;A01
200600045601;0;1;0;0;2;1;1;A01
200600045627;0;1;0;4;0;1;2;A01
200600045630;0;1;0;0;0;0;1;B02
200600045630;0;1;0;0;0;0;1;C03
200600045668;0;1;0;0;0;0;0;A01
200600045676;0;1;0;6;0;1;14;A01
200600045695;0;1;0;0;9;6;1;B02
200600045721;0;1;0;0;2;8;2;B02
200600045740;0;1;0;0;2;1;1;B02
200600045750;0;1;0;0;2;4;1;B02
200600045752;0;1;0;0;0;8;1;B02
200600045754;0;1;0;0;2;0;0;B02
200600045827;0;1;0;0;2;1;1;B02
200600045849;0;1;0;0;2;4;19;A01
200600045859;0;1;0;16;0;1;1;A01
200600045871;0;1;0;0;2;1;13;A01
200600045880;0;1;0;0;2;1;9;B02
200600045882;0;1;0;0;2;1;1;A01
200600045887;0;1;0;0;0;8;1;B02
200600045930;0;1;0;0;2;1;1;A01
200600045941;0;1;0;0;0;1;0;A01
200600045959;0;1;0;0;0;1;19;B02
200600045990;0;1;0;0;2;1;1;B02
200600045999;0;1;0;0;2;8;19;A01
200600046023;0;1;0;0;2;0;1;B02
200600046068;0;1;0;0;0;0;1;A01
200600046069;0;1;0;0;2;1;1;B02
200600046080;0;1;0;0;2;1;1;C03
200600046118;0;1;0;0;2;1;13;A01
200600046129;0;1;0;0;2;0;0;B02
200600046141;0;1;0;0;2;6;1;B02
200600046142;0;1;0;0;0;3;1;A01
200600046190;0;1;0;0;2;1;13;B02
200600046194;0;1;0;0;2;3;19;A01
200600046202;0;1;0;0;2;6;1;A01
200600046213;0;1;0;0;0;1;1;A01
200600046224;0;1;0;0;2;1;5;B02
200600046230;0;1;0;0;0;0;0;A01
200600046237;0;1;0;15;0;1;2;A01
200600046273;0;1;0;0;2;1;1;A01
200600046283;0;1;0;6;0;1;1;A01
200600046313;0;1;0;13;2;1;1;B02
200600046326;0;1;0;0;9;1;2;A01
200600046331;0;1;0;3;0;1;16;A01
200600046380;0;1;0;0;2;4;1;B02
200600046382;0;1;0;0;2;0;21;B02
200600046397;0;1;0;0;0;0;0;B02
200600046398;0;1;0;0;2;4;2;C03
200600046407;0;1;0;0;2;1;1;B02
200600046408;0;1;0;0;2;1;2;B02
200600046425;0;1;0;0;2;3;13;A01
200600046427;0;1;0;0;2;1;19;B02
200600046482;0;1;0;0;2;1;1;B02
200600046510;0;1;0;0;2;8;1;A01
200600046535;0;1;0;0;2;7;19;B02
200600046536;0;1;0;0;2;8;13;B02
200600046598;0;1;0;0;2;8;1;B02
200600046627;0;1;0;0;2;8;19;B02
200600046664;0;1;0;0;2;1;1;B02
200600046670;0;1;0;1;0;2;1;B02
200600046676;0;1;0;13;0;0;2;A01
200600046676;0;1;0;0;9;0;2;B02
200600046686;0;1;0;0;2;1;19;B02
200600046691;0;1;0;0;2;0;15;B02
200600046700;0;1;0;0;2;1;19;B02
200600046709;0;1;0;0;0;8;15;B02
200600046712;0;1;0;0;2;9;2;B02
200600046724;0;1;0;0;2;1;9;A01
200600046739;0;1;0;0;2;0;1;B02
200600046742;0;1;0;0;2;8;19;B02
200600046829;0;1;0;0;0;1;15;A01
200600046831;0;1;0;0;2;6;13;B02
200600046878;0;1;0;0;2;1;1;B02
200600046882;0;1;0;0;2;8;15;B02
200600046911;0;1;0;0;2;8;2;B02
200600046929;0;1;0;0;2;1;15;B02
200600046935;0;1;0;0;2;3;1;B02
200600046935;0;1;0;0;9;3;1;C03
200600046942;0;1;0;0;2;1;15;B02
200600046969;0;1;0;10;0;1;1;B02
200600046978;0;1;0;0;2;7;1;B02
200600047016;0;1;0;0;2;1;1;B01
200600047018;0;1;0;1;0;1;22;A01
200600047028;0;1;0;0;0;0;1;A01
200600047044;0;1;0;0;0;0;0;A01
200600047068;0;1;0;1;0;1;16;A01
200600047163;0;1;0;0;2;0;0;B01
200600047214;0;1;0;0;0;4;2;B01
200600047242;0;1;0;0;2;8;21;B01