Num_Acc;senc;catv;occutc;obs;obsm;choc;manv;num_veh
200600047254;0;1;0;14;0;1;1;A01
200600047267;0;1;0;0;2;1;2;B01
200600047311;0;1;0;0;2;4;1;B01
200600047327;0;1;0;0;1;1;1;A01
200600047334;0;1;0;0;2;5;6;B01
200600047337;0;1;0;0;2;8;1;B01
200600047357;0;1;0;0;2;1;1;B01
200600047359;0;1;0;1;0;0;0;B01
200600047361;0;1;0;0;2;0;2;B01
200600047386;0;1;0;0;2;7;2;B01
200600047388;0;1;0;0;2;0;19;B01
200600047436;0;1;0;0;2;2;17;B01
200600047506;0;1;0;0;0;0;1;A01
200600047572;0;1;0;0;9;8;2;A01
200600047573;0;1;0;0;2;1;15;A01
200600047581;0;1;0;0;0;0;1;A01
200600047592;0;1;0;1;2;1;1;B01
200600047602;0;1;0;0;2;1;1;B01
200600047609;0;1;0;0;2;1;1;B01
200600047623;0;1;0;0;2;4;1;B01
200600047650;0;1;0;0;2;6;11;A01
200600047656;0;1;0;0;2;8;1;B01
200600047664;0;1;0;0;2;1;5;A01
200600047673;0;1;0;0;2;1;1;B01
200600047688;0;1;0;0;2;8;1;B01
200600047699;0;1;0;0;2;8;1;B01
200600047712;0;1;0;0;2;1;1;A01
200600047718;1;1;0;0;0;0;13;C01
200600047722;0;1;0;0;2;1;1;B01
200600047731;0;1;0;0;2;1;1;B01
200600047739;0;1;0;0;0;0;0;A01
200600047769;0;1;0;0;1;1;1;A01
200600047791;0;1;0;0;0;0;21;B01
200600047799;0;1;0;0;2;4;2;B01
200600047835;0;1;0;0;2;1;1;A01
200600047847;0;1;0;14;0;1;0;A01
200600047849;0;1;0;0;2;8;0;A01
200600047859;0;1;0;0;1;1;1;A01
200600047869;0;1;0;0;2;0;0;A01
200600047877;0;1;0;1;0;1;0;B01
200600047890;0;1;0;0;2;1;0;B01
200600047893;0;1;0;0;2;8;15;B01
200600047904;0;1;0;0;2;1;19;A01
200600047916;0;1;0;0;2;1;19;A01
200600047917;0;1;0;0;2;0;15;B01
200600047926;0;1;0;0;2;1;13;A01
200600047928;0;1;0;0;2;3;1;B01
200600047931;0;1;0;0;2;1;5;A01
200600047948;0;1;0;0;4;1;19;B01
200600047958;0;1;0;0;2;1;1;A01
200600047961;0;1;0;0;2;0;1;A01
200600047965;0;1;0;0;2;8;1;A01
200600048031;0;1;0;0;2;1;1;A01
200600048040;0;1;0;0;2;1;15;A01
200600048041;0;1;0;0;2;0;19;B01
200600048048;0;1;0;0;2;7;1;A01
200600048063;0;1;0;0;2;7;1;A01
200600048063;0;1;0;0;2;7;15;B01
200600048085;0;1;0;0;2;2;1;B01
200600048099;0;1;0;0;2;0;0;B01
200600048101;0;1;0;0;2;8;19;B01
200600048112;0;1;0;0;2;1;13;A01
200600048118;0;1;0;0;0;0;1;A01
200600048121;0;1;0;0;2;1;5;A01
200600048124;0;1;0;0;2;1;9;A01
200600048131;0;1;0;0;2;1;1;A01
200600048132;0;1;0;0;2;4;1;B01
200600048137;0;1;0;0;0;4;1;A01
200600048154;0;1;0;0;1;1;1;A01
200600048163;0;1;0;12;0;1;1;A01
200600048197;1;1;0;0;1;1;14;A01
200600048200;0;1;0;0;2;1;1;A01
200600048201;0;1;0;0;2;2;1;A01
200600048206;0;1;0;0;2;3;1;B01
200600048215;0;1;0;0;2;1;1;A01
200600048216;0;1;0;0;2;2;1;B01
200600048221;0;1;0;0;2;7;1;B01
200600048253;0;1;0;0;2;1;1;B01
200600048260;0;1;0;0;2;2;1;B01
200600048264;0;1;0;0;2;1;1;A01
200600048282;0;1;0;0;2;4;1;B01
200600048283;0;1;0;0;2;1;21;B01
200600048290;0;1;0;0;0;4;15;B01
200600048309;0;1;0;0;2;1;1;B01
200600048327;0;1;0;0;2;1;1;A01
200600048352;0;1;0;0;2;0;0;B01
200600048358;0;1;0;0;0;4;0;A01
200600048361;0;1;0;12;0;0;16;A01
200600048362;0;1;0;0;2;0;16;B01
200600048411;0;1;0;0;2;1;5;A01
200600048428;0;1;0;0;0;0;0;A01
200600048438;0;1;0;0;0;8;23;C01
200600048444;0;1;0;0;1;1;1;A01
200600048449;0;1;0;0;2;4;1;B01
200600048452;0;1;0;12;2;1;5;A01
200600048474;0;1;0;0;0;0;1;A01
200600048477;0;1;0;0;0;0;1;A01
200600048478;0;1;0;0;2;1;1;B01
200600048480;0;1;0;0;2;0;1;B01
200600048485;0;1;0;0;2;1;1;B01
200600048505;0;1;0;0;0;0;1;A01
200600048508;0;1;0;0;0;0;0;A01
200600048511;0;1;0;0;2;8;21;B01
200600048523;0;1;0;1;0;1;1;B01
200600048540;0;1;0;0;2;7;1;B01
200600048546;0;1;0;0;2;2;11;B01
200600048548;0;1;0;0;2;7;19;B01
200600048556;0;1;0;0;2;1;1;A01
200600048558;0;1;0;0;2;6;16;B01
200600048565;0;1;0;0;2;1;19;B01
200600048578;0;1;0;0;2;1;15;A01
200600048584;0;1;0;0;2;0;15;A01
200600048587;0;1;0;0;2;1;1;B01
200600048628;0;1;0;0;2;1;15;A01
200600048634;0;1;0;0;2;0;13;B01
200600048636;0;1;0;0;2;1;1;A01
200600048644;0;1;0;0;2;1;1;B01
200600048649;0;1;0;0;2;1;1;B01
200600048653;0;1;0;0;2;4;2;B01
200600048663;0;1;0;0;2;1;1;A01
200600048675;0;1;0;0;2;4;2;B01
200600048677;0;1;0;0;2;1;1;B01
200600048691;0;1;0;0;2;4;15;B01
200600048696;0;1;0;0;2;0;1;B01
200600048721;0;1;0;0;2;1;15;A01
200600048727;0;1;0;0;2;1;15;B01
200600048730;0;1;0;0;2;8;19;A01
200600048738;0;1;0;0;2;0;15;B01
200600048745;0;1;0;1;2;1;1;B01
200600048747;0;1;0;0;2;6;19;B01
200600048768;0;1;0;12;0;1;1;A01
200600048772;0;1;0;0;2;7;19;B01
200600048781;0;1;0;0;2;8;19;B01
200600048827;0;1;0;0;2;1;1;B01
200600048829;0;1;0;0;2;8;1;A01
200600048837;0;1;0;0;2;1;1;B01
200600048839;0;1;0;0;2;1;1;B01
200600048855;0;1;0;0;2;8;19;B01
200600048879;0;1;0;0;2;1;15;B01
200600048893;0;1;0;0;2;1;1;B01
200600048905;0;1;0;0;2;0;1;A01
200600048917;0;1;0;1;0;1;1;B01
200600048921;0;1;0;0;2;1;17;A01
200600048926;0;1;0;1;0;2;1;B01
200600048930;0;1;0;0;2;8;0;B01
200600048931;0;1;0;14;0;1;2;A01
200600048933;0;1;0;0;2;8;1;B01
200600048938;0;1;0;0;2;1;1;B01
200600048943;0;1;0;0;2;0;19;B01
200600048945;0;1;0;0;2;4;17;B01
200600048970;0;1;0;0;2;1;1;A01
200600048972;0;1;0;0;1;1;1;A01
200600048993;0;1;0;0;0;7;1;B01
200600049002;0;1;0;0;2;1;1;B01
200600049011;0;1;0;0;0;3;1;B01
200600049012;0;1;0;0;0;1;1;B01
200600049026;0;1;0;0;2;2;1;B01
200600049039;0;1;0;0;2;2;1;B01
200600049074;0;1;0;0;2;4;2;B01
200600049088;0;1;0;0;2;2;1;B01
200600049098;0;1;0;0;5;1;1;A01
200600049146;0;1;0;0;2;3;11;A01
200600049151;0;1;0;0;2;3;19;B01
200600049164;0;1;0;0;1;1;15;A01
200600049244;0;1;0;0;2;1;1;A01
200600049258;0;1;0;0;2;3;18;B01
200600049292;0;1;0;0;2;2;1;A01
200600049309;0;1;0;1;0;1;1;A01
200600049310;0;1;0;0;2;2;1;B01
200600049313;0;1;0;0;1;1;1;A01
200600049314;0;1;0;0;2;1;1;B01
200600049328;0;1;0;0;2;1;1;B01
200600049330;0;1;0;0;2;2;19;A01
200600049342;0;1;0;0;2;3;1;B01
200600049345;0;1;0;0;2;3;19;A01
200600049360;0;1;0;1;0;1;1;A01
200600049371;0;1;0;0;2;1;1;A01
200600049374;0;1;0;0;2;1;1;B01
200600049377;0;1;0;0;2;1;19;B01
200600049391;0;1;0;0;2;4;1;B01
200600049418;0;1;0;0;2;1;1;A01
200600049429;0;1;0;0;2;1;1;B01
200600049562;0;1;0;15;0;0;1;B01
200600049564;0;1;0;0;2;8;2;B01
200600049566;0;1;0;0;2;1;1;A01
200600049585;0;1;0;0;2;4;1;B01
200600049588;0;1;0;0;2;1;1;A01
200600049626;0;1;0;9;0;1;1;A01
200600049627;0;1;0;0;2;1;1;B01
200600049640;0;1;0;0;2;1;19;A01
200600049645;0;1;0;0;2;6;9;A01
200600049659;0;1;0;1;0;1;2;B01
200600049663;0;1;0;0;2;1;9;B01
200600049683;0;1;0;0;2;7;0;B01
200600049693;0;1;0;0;2;8;1;B01
200600049694;0;1;0;0;2;1;5;A01
200600049700;0;1;0;0;1;2;1;A01
200600049718;0;1;0;0;2;8;15;B01
200600049729;0;1;0;15;2;4;0;B01
200600049743;0;1;0;0;2;8;1;B01
200600049755;0;1;0;0;1;1;1;A01
200600049776;0;1;0;0;2;4;1;B01
200600049801;0;1;0;0;0;8;1;B01
200600049816;0;1;0;0;2;1;1;A01
200600049837;0;1;0;0;0;0;1;A01
200600049838;0;1;0;0;0;8;9;B01
200600049848;0;1;0;0;2;1;1;B01
200600049912;0;1;0;0;2;1;15;B01
200600049919;0;1;0;0;2;2;1;A01
200600049922;0;1;0;0;2;1;18;A01
200600049923;0;1;0;0;2;1;1;A01
200600049938;0;1;0;1;2;7;19;B01
200600049957;0;1;0;0;1;0;1;A01
200600049962;0;1;0;0;9;1;1;B01
200600049984;0;1;0;0;2;7;19;A01
200600050005;0;1;0;0;2;4;2;B01
200600050009;0;1;0;0;2;4;0;B01
200600050013;0;1;0;0;2;1;1;B01
200600050031;0;1;0;0;0;1;1;A01
200600050063;0;1;0;1;0;1;1;B01
200600050064;0;1;0;0;9;0;2;A01
200600050066;0;1;0;0;2;1;1;B01
200600050076;0;1;0;0;2;1;2;A01
200600050123;0;1;0;0;0;0;0;A01
200600050195;0;1;0;0;2;7;15;B01
200600050198;0;1;0;0;2;4;1;B01
200600050219;0;1;0;0;2;4;2;B01
200600050222;0;1;0;0;2;1;2;B01
200600050234;0;1;0;0;2;0;0;A01
200600050235;0;1;0;0;2;0;0;A01
200600050241;0;1;0;0;2;1;1;B01
200600050250;0;1;0;0;2;1;1;B01
200600050268;0;1;0;0;0;4;1;A01
200600050284;0;1;0;0;2;8;1;B01
200600050293;0;1;0;0;2;8;1;B01
200600050533;0;1;0;0;1;1;1;A01
200600050534;0;1;0;0;1;1;1;A01
200600050602;0;1;0;0;2;1;1;A01
200600050638;0;1;0;0;2;1;19;B01
200600050642;0;1;0;0;2;1;1;B01
200600050700;0;1;0;0;2;1;1;B02
200600050708;0;1;0;0;2;4;2;B02
200600050715;0;1;0;0;2;1;11;B02
200600050718;0;1;0;0;2;6;13;B02
200600050721;0;1;0;0;2;1;2;A01
200600050731;0;1;0;0;2;1;19;B02
200600050737;0;1;0;0;0;4;1;B02
200600050750;0;1;0;0;2;3;19;A01
200600050752;0;1;0;0;2;5;1;A01
200600050783;0;1;0;0;0;6;2;B02
200600050786;0;1;0;0;2;7;1;B02
200600050813;0;1;0;0;0;4;11;B02
200600050822;0;1;0;0;2;1;1;B02
200600050832;0;1;0;0;0;3;2;A01
200600050840;0;1;0;0;2;1;1;A01
200600050917;0;1;0;0;2;8;2;B02
200600050951;0;1;0;0;2;0;1;B02
200600050951;0;1;0;0;0;0;1;C03
200600050954;0;1;0;0;2;1;19;B02
200600050974;0;1;0;0;2;6;0;B02
200600050985;0;1;0;0;2;8;1;B02
200600051047;0;1;0;0;2;8;19;A01
200600051068;0;1;0;0;2;4;2;B02
200600051091;0;1;0;1;0;1;1;B02
200600051095;0;1;0;0;9;8;0;B02
200600051100;0;1;0;0;2;1;1;B02
200600051109;0;1;0;0;0;4;2;A01
200600051111;0;1;0;0;2;8;15;B02
200600051112;0;1;0;1;0;1;1;A01
200600051126;0;1;0;0;2;1;1;B02
200600051149;0;1;0;0;2;1;1;B02
200600051171;0;1;0;0;0;8;1;B02
200600051176;0;1;0;0;2;1;13;A01
200600051177;0;1;0;0;2;8;1;B02
200600051189;0;1;0;0;2;2;19;A01
200600051201;0;1;0;0;2;8;19;B02
200600051238;0;1;0;0;2;7;19;B02
200600051241;0;1;0;0;1;1;17;A01
200600051248;0;1;0;0;2;1;1;C03
200600051259;0;1;0;0;2;4;1;A01
200600051260;0;1;0;0;0;6;2;B02
200600051298;0;1;0;0;2;3;15;B02
200600051318;0;1;0;0;1;1;1;A01
200600051362;0;1;0;0;0;8;1;A01
200600051368;0;1;0;0;2;8;1;A01
200600051375;0;1;0;0;2;1;1;B02
200600051406;0;1;0;0;2;1;1;B02
200600051422;0;1;0;0;9;1;1;A01
200600051422;0;1;0;0;9;1;0;B02
200600051422;0;1;0;0;9;1;1;C03
200600051422;0;1;0;0;0;4;13;D04
200600051463;0;1;0;0;0;1;1;B02
200600051475;0;1;0;0;2;4;23;B02
200600051500;0;1;0;0;2;2;9;B02
200600051522;0;1;0;0;0;6;15;B02
200600051577;0;1;0;0;2;1;19;B02
200600051582;0;1;0;0;0;5;0;B02
200600051609;0;1;0;0;2;1;5;A01
200600051616;0;1;0;0;2;8;15;B02
200600051632;0;1;0;0;2;8;13;B02
200600051634;0;1;0;0;2;3;13;A01
200600051635;0;1;0;0;0;0;1;A01
200600051638;0;1;0;0;2;3;2;B02
200600051644;0;1;0;0;0;0;1;C03
200600051655;0;1;0;0;2;1;1;B02
200600051669;0;1;0;0;1;1;1;A01
200600051679;0;1;0;0;0;4;0;B02
200600051690;0;1;0;0;2;1;1;C03
200600051693;0;1;0;0;0;1;1;B02
200600051720;0;1;0;0;0;4;2;B02
200600051721;0;1;0;0;0;0;1;A01
200600051728;0;1;0;0;2;1;1;B02
200600051730;0;1;0;0;1;1;2;A01
200600051731;0;1;0;0;2;7;2;A01
200600051732;0;1;0;0;0;0;0;A01
200600051749;0;1;0;1;0;0;13;B02
200600051825;0;1;0;0;2;1;1;B02
200600051828;0;1;0;0;2;1;1;A01
200600051829;0;1;0;0;2;1;13;A01
200600051830;0;1;0;0;2;1;19;A01
200600051859;0;1;0;0;2;8;2;A01
200600051870;0;1;0;11;0;1;11;A01
200600051872;0;1;0;0;2;8;15;B02
200600051887;0;1;0;0;2;1;1;B02
200600051899;0;1;0;0;2;4;1;B02
200600051942;0;1;0;0;0;1;13;B02
200600051976;0;1;0;0;2;1;1;B02
200600052012;0;1;0;0;2;8;6;B02
200600052022;0;1;0;1;0;4;23;B02
200600052059;0;1;0;0;2;7;19;B02
200600052064;0;1;0;0;2;8;2;B02
200600052067;0;1;0;0;0;4;1;B02
200600052094;0;1;0;0;0;0;19;A01
200600052121;0;1;0;13;0;1;1;A01
200600052142;0;1;0;0;2;4;1;B02
200600052149;0;1;0;0;2;1;19;B02
200600052160;0;1;0;0;2;7;1;B02
200600052201;0;1;0;0;2;8;1;B02
200600052212;0;1;0;0;2;8;17;B02
200600052226;0;1;0;0;2;1;1;B02
200600052233;0;1;0;0;2;1;1;B02
200600052240;0;1;0;0;2;2;17;A01
200600052345;0;1;0;0;2;8;19;B02
200600052392;0;1;0;0;2;1;5;B02
200600052431;0;1;0;0;2;1;13;A01
200600052437;0;1;0;0;0;0;1;B02
200600052449;0;1;0;12;0;0;1;A01
200600052453;0;1;0;0;0;0;1;A01
200600052468;0;1;0;7;2;3;19;B02
200600052493;0;1;0;0;2;7;0;A01
200600052507;0;1;0;0;0;0;1;E05
200600052508;0;1;0;0;2;8;19;A01
200600052511;0;1;0;1;0;1;1;B02
200600052535;0;1;0;0;2;7;5;B02
200600052568;0;1;0;0;2;6;15;B02
200600052584;0;1;0;0;2;4;1;B02
200600052601;0;1;0;0;2;8;15;B02
200600052718;0;1;0;0;2;7;1;A01
200600052751;0;1;0;0;2;1;1;B02
200600052751;0;1;0;0;2;1;1;D04
200600052752;0;1;0;0;2;1;13;B02
200600052767;0;1;0;0;2;4;1;B02
200600052779;0;1;0;0;1;1;16;A01
200600052848;0;1;0;0;2;8;1;B02
200600052852;0;1;0;0;2;1;1;B02
200600052853;0;1;0;0;0;4;1;B02
200600052864;0;1;0;0;2;8;1;B02
200600052884;0;1;0;0;2;1;17;B01
200600052905;0;1;0;0;2;1;9;A01
200600052920;0;1;0;0;2;8;13;B01
200600053095;0;1;0;0;2;5;1;B01
200600053106;0;1;0;0;2;1;1;B01
200600053111;0;1;0;0;2;1;19;A01
200600053124;0;1;0;0;2;2;15;B01
200600053148;0;1;0;0;2;1;1;B01
200600053151;0;1;0;0;2;4;1;B01
200600053159;0;1;0;0;0;0;0;B01
200600053162;0;1;0;0;2;4;0;B01
200600053164;0;1;0;0;0;0;0;A01
200600053189;0;1;0;0;2;8;19;B01
200600053199;0;1;0;0;2;1;1;B01
200600053211;0;1;0;0;2;8;1;B01
200600053226;0;1;0;0;2;1;1;B01
200600053230;0;1;0;0;2;1;1;B01
200600053237;0;1;0;0;0;4;2;B01
200600053277;0;1;0;0;2;1;1;B01
200600053292;0;1;0;0;0;4;2;B01
200600053328;0;1;0;0;2;4;1;B01
200600053337;0;1;0;0;2;3;1;A01
200600053367;0;1;0;0;2;3;15;B01
200600053370;0;1;0;0;0;4;19;A01
200600053386;0;1;0;0;2;1;1;B01
200600053388;0;1;0;0;0;3;1;B01
200600053390;0;1;0;0;1;1;1;A01
200600053394;0;1;0;0;2;1;19;A01
200600053413;0;1;0;0;2;8;2;B01
200600053421;0;1;0;0;1;0;0;A01
200600053431;0;1;0;0;2;8;1;B01
200600053446;0;1;0;0;2;7;1;B01
200600053471;0;1;0;0;2;1;16;A01
200600053478;0;1;0;0;0;8;2;B01
200600053513;0;1;0;0;0;0;0;A01
200600053549;0;1;0;0;2;8;1;B01
200600053570;0;1;0;0;9;4;13;A01
200600053589;0;1;0;0;2;4;2;B01
200600053707;0;1;0;0;2;1;1;B01
200600053750;0;1;0;0;2;4;2;B01
200600053758;0;1;0;0;2;1;1;B01
200600053760;0;1;0;0;2;1;13;A01
200600053760;0;1;0;0;2;1;1;B01
200600053763;0;1;0;0;2;1;1;A01
200600053767;0;1;0;0;2;1;1;B01
200600053769;0;1;0;0;0;0;1;B01
200600053778;0;1;0;0;2;1;19;A01
200600053799;0;1;0;1;2;1;1;B01
200600053816;0;1;0;0;2;1;1;B01
200600053836;0;1;0;0;2;1;1;B01
200600053843;0;1;0;0;2;1;1;B01
200600053859;0;1;0;0;1;1;1;A01
200600053866;0;1;0;0;2;1;2;A01
200600053866;0;1;0;0;2;8;21;B01
200600053876;0;1;0;0;2;0;0;B01
200600053905;0;1;0;0;2;1;9;A01
200600053922;0;1;0;0;2;1;19;A01
200600053946;0;1;0;0;0;1;1;B01
200600053948;0;1;0;0;2;1;11;B01
200600053960;0;1;0;0;2;1;1;B01
200600053968;0;1;0;0;2;8;15;B01
200600053983;0;1;0;0;2;1;1;B01
200600053984;0;1;0;0;2;5;1;B01
200600053985;0;1;0;0;0;0;1;A01
200600053987;0;1;0;0;2;4;1;B01
200600053995;0;1;0;0;2;2;0;B01
200600054007;0;1;0;0;2;1;16;A01
200600054035;0;1;0;0;2;3;19;B01
200600054090;0;1;0;15;0;1;21;E01
200600054108;0;1;0;0;9;1;0;A01
200600054108;0;1;0;0;9;1;16;B01
200600054110;0;1;0;1;0;1;1;B01
200600054111;0;1;0;0;2;8;19;A01
200600054112;0;1;0;0;1;1;1;A01
200600054114;0;1;0;0;2;3;1;B01
200600054130;0;1;0;1;0;1;2;B01
200600054160;0;1;0;0;0;0;0;A01
200600054160;0;1;0;0;2;1;1;B01
200600054160;0;1;0;0;2;1;1;C01
200600054171;0;1;0;0;2;1;1;B01
200600054207;0;1;0;0;2;0;1;B01
200600054209;0;1;0;0;2;1;1;B01
200600054219;0;1;0;0;2;1;1;B01
200600054220;0;1;0;0;2;1;1;B01
200600054231;0;1;0;0;2;1;15;A01
200600054249;0;1;0;0;0;0;1;B01
200600054261;0;1;0;0;2;8;5;B01
200600054262;0;1;0;0;2;1;1;A01
200600054264;0;1;0;0;2;1;1;B01
200600054267;0;1;0;0;2;6;15;A01
200600054284;0;1;0;0;2;0;19;B01
200600054290;0;1;0;0;2;8;1;B01
200600054298;0;1;0;0;2;0;1;B01
200600054301;0;1;0;0;2;4;1;B01
200600054310;0;1;0;0;0;0;2;B01
200600054321;0;1;0;0;2;7;1;B01
200600054372;0;1;0;0;2;0;21;B01
200600054391;0;1;0;0;2;8;8;B01
200600054401;0;1;0;0;2;1;5;A01
200600054404;0;1;0;0;2;4;19;B01
200600054417;0;1;0;1;0;1;1;B01
200600054420;0;1;0;0;2;1;1;A01
200600054429;0;1;0;0;2;6;15;A01
200600054431;0;1;0;0;2;5;1;A01
200600054435;0;1;0;0;1;1;1;A01
200600054441;0;1;0;0;2;8;1;B01
200600054446;0;1;0;0;2;1;5;A01
200600054446;0;1;0;0;2;1;1;B01
200600054449;0;1;0;0;2;2;15;A01
200600054451;0;1;0;1;0;1;1;A01
200600054452;0;1;0;0;2;1;19;A01
200600054461;0;1;0;0;2;1;1;B01
200600054468;0;1;0;0;2;1;23;B01
200600054469;0;1;0;0;2;8;19;B01
200600054471;0;1;0;0;2;0;1;A01
200600054474;0;1;0;0;2;3;1;B01
200600054476;0;1;0;0;2;8;1;A01
200600054479;0;1;0;0;2;1;1;B01
200600054480;0;1;0;0;2;8;19;A01
200600054482;0;1;0;0;2;8;19;A01
200600054483;0;1;0;0;2;8;19;B01
200600054491;0;1;0;0;2;1;1;B01
200600054497;0;1;0;0;2;1;1;B01
200600054501;0;1;0;0;2;1;15;A01
200600054521;0;1;0;0;2;1;1;B01
200600054533;0;1;0;0;2;4;1;B01
200600054543;0;1;0;0;2;7;1;B01
200600054559;0;1;0;0;2;1;5;A01
200600054572;0;1;0;0;2;1;1;A01
200600054588;0;1;0;0;2;8;11;A01
200600054590;0;1;0;0;2;1;1;A01
200600054595;0;1;0;0;1;1;1;A01
200600054599;0;1;0;0;2;8;1;B01
200600054605;0;1;0;0;2;6;15;B01
200600054606;0;1;0;0;1;1;1;A01
200600054608;0;1;0;0;2;1;5;A01
200600054609;0;1;0;14;0;0;2;B01
200600054612;0;1;0;0;2;1;1;B01
200600054643;0;1;0;0;2;1;13;A01
200600054650;0;1;0;0;2;0;1;B01
200600054699;0;1;0;0;2;0;1;B01
200600054729;0;1;0;0;2;3;1;B01
200600054732;0;1;0;0;2;1;1;B01
200600054737;0;1;0;0;0;0;16;A01
200600054746;0;1;0;0;2;1;1;B01
200600054749;0;1;0;0;1;1;1;A01
200600054752;0;1;0;0;2;0;0;B01
200600054756;0;1;0;0;2;0;15;A01
200600054763;0;1;0;0;1;0;0;A01
200600054773;0;1;0;0;2;0;19;A01
200600054775;0;1;0;0;2;1;15;B01
200600054788;0;1;0;0;2;4;2;B01
200600054820;0;1;0;0;2;1;19;B01
200600054826;0;1;0;0;1;1;0;A01
200600054830;0;1;0;0;2;3;19;B01
200600054854;0;1;0;0;2;1;1;B01
200600054864;0;1;0;0;2;1;1;B01
200600054869;0;1;0;0;2;1;19;A01
200600054880;0;1;0;1;0;1;1;B01
200600054883;0;1;0;0;2;5;19;A01
200600054887;0;1;0;1;0;1;1;B01
200600054905;0;1;0;1;0;1;1;B01
200600054915;0;1;0;0;2;1;1;B01
200600054922;0;1;0;0;2;1;2;A01
200600054931;0;1;0;0;2;0;1;B01
200600054945;0;1;0;0;2;2;1;B01
200600054947;0;1;0;0;0;7;1;A01
200600054965;0;1;0;0;0;0;1;A01
200600054968;0;1;0;0;2;0;1;B01
200600054969;0;1;0;0;2;1;1;B01
200600054975;0;1;0;1;0;1;1;B01
200600054977;0;1;0;0;2;1;1;B01
200600054982;0;1;0;0;2;1;9;A01
200600054989;0;1;0;0;2;1;0;A01
200600055020;0;1;0;0;2;1;18;B01
200600055047;0;1;0;0;2;4;0;B01
200600055058;0;1;0;0;2;8;1;A01
200600055060;0;1;0;0;2;3;1;B01
200600055103;0;1;0;0;2;1;1;B01
200600055104;0;1;0;0;2;1;12;A01
200600055106;0;1;0;0;2;1;5;A01
200600055109;0;1;0;0;2;8;19;A01
200600055113;0;1;0;0;2;4;1;B01
200600055119;0;1;0;1;0;1;1;B01
200600055133;0;1;0;0;2;7;17;A01
200600055136;0;1;0;0;2;1;1;A01
200600055145;0;1;0;0;2;1;19;A01
200600055165;0;1;0;0;2;1;1;B01
200600055170;0;1;0;0;2;0;1;B01
200600055178;0;1;0;0;9;4;2;A01
200600055184;0;1;0;0;2;8;11;B01
200600055186;0;1;0;0;2;6;1;B01
200600055191;0;1;0;0;0;3;0;B01
200600055195;0;1;0;0;2;8;2;B01
200600055197;0;1;0;0;2;8;19;B01
200600055198;0;1;0;0;2;1;1;B01
200600055201;0;1;0;0;2;1;1;A01
200600055201;0;1;0;0;2;1;1;B01
200600055214;0;1;0;0;2;3;1;A01
200600055238;0;1;0;0;2;7;1;B01
200600055268;0;1;0;0;2;8;1;B01
200600055276;0;1;0;0;2;0;1;B01
200600055295;0;1;0;12;0;0;1;A01
200600055303;0;1;0;0;2;1;5;B01
200600055314;0;1;0;0;2;1;1;A01
200600055321;0;1;0;0;2;1;0;A01
200600055337;0;1;0;0;2;8;1;B01