Num_Acc;senc;catv;occutc;obs;obsm;choc;manv;num_veh
200600055339;0;1;0;0;2;1;1;A01
200600055349;0;1;0;0;2;1;1;B01
200600055373;0;1;0;0;2;1;1;B01
200600055380;0;1;0;0;2;7;1;B01
200600055387;0;1;0;0;2;0;2;B01
200600055393;0;1;0;0;2;4;1;C01
200600055395;0;1;0;0;9;8;9;A01
200600055397;0;1;0;1;2;1;1;B01
200600055398;0;1;0;0;2;8;19;A01
200600055399;0;1;0;0;2;1;2;B01
200600055400;0;1;0;0;2;2;1;B01
200600055403;0;1;0;0;2;5;14;A01
200600055405;0;1;0;0;2;6;15;B01
200600055406;0;1;0;0;2;2;1;B01
200600055425;0;1;0;0;0;4;1;B01
200600055427;0;1;0;0;2;1;1;B01
200600055428;0;1;0;0;0;0;2;B01
200600055429;0;1;0;0;0;0;1;B01
200600055429;0;1;0;0;0;1;1;C01
200600055435;0;1;0;0;2;8;21;B01
200600055439;0;1;0;0;2;4;1;B01
200600055446;0;1;0;0;2;7;19;B01
200600055448;0;1;0;0;2;8;0;B01
200600055461;0;1;0;0;1;1;16;A01
200600055468;0;1;0;0;2;8;1;A01
200600055469;0;1;0;0;2;1;19;B01
200600055471;0;1;0;1;0;1;1;B01
200600055474;0;1;0;0;2;4;2;B01
200600055486;0;1;0;0;2;1;1;B01
200600055488;0;1;0;0;2;1;1;B01
200600055490;0;1;0;0;2;3;1;B01
200600055491;0;1;0;0;2;1;1;A01
200600055494;0;1;0;0;2;1;13;A01
200600055495;0;1;0;0;2;1;15;A01
200600055495;0;1;0;0;2;1;1;B01
200600055500;0;1;0;0;2;8;1;B01
200600055504;0;1;0;0;2;1;1;B01
200600055507;0;1;0;0;2;8;1;B01
200600055510;0;1;0;0;1;1;1;A01
200600055513;0;1;0;0;2;8;1;B01
200600055515;0;1;0;0;2;1;1;B01
200600055521;0;1;0;0;2;8;2;B01
200600055523;0;1;0;0;1;1;1;B01
200600055531;0;1;0;0;0;0;0;B01
200600055541;0;1;0;0;2;1;2;B01
200600055544;0;1;0;0;2;1;15;B01
200600055547;0;1;0;0;1;1;2;A01
200600055554;0;1;0;0;2;1;15;A01
200600055582;0;1;0;0;2;1;2;B01
200600055621;0;1;0;0;2;8;14;B01
200600055627;0;1;0;0;0;8;19;B01
200600055629;0;1;0;14;0;1;1;A01
200600055632;0;1;0;16;0;7;1;A01
200600055636;0;1;0;16;0;1;1;A01
200600055639;0;1;0;0;0;4;1;B01
200600055640;0;1;0;0;0;8;1;B01
200600055641;0;1;0;0;2;1;1;B01
200600055642;0;1;0;0;2;1;2;B01
200600055645;0;1;0;0;2;3;18;B01
200600055646;0;1;0;0;2;3;13;A01
200600055647;0;1;0;0;2;1;1;B01
200600055649;0;1;0;0;2;1;0;B01
200600055663;0;1;0;0;2;4;2;B01
200600055666;0;1;0;0;2;8;1;B01
200600055672;0;1;0;0;2;6;1;B01
200600055674;0;1;0;0;2;4;23;B01
200600055684;0;1;0;0;0;0;21;A01
200600055692;0;1;0;0;2;2;12;A01
200600055696;0;1;0;0;1;1;1;A01
200600055697;0;1;0;0;2;2;19;A01
200600055703;0;1;0;0;2;2;1;A01
200600055704;0;1;0;0;2;1;1;B01
200600055705;0;1;0;0;2;1;1;B01
200600055715;0;1;0;0;2;1;1;B01
200600055725;0;1;0;0;1;1;1;A01
200600055728;0;1;0;0;2;2;1;B01
200600055729;0;1;0;0;2;1;1;A01
200600055745;0;1;0;0;1;1;1;A01
200600055747;0;1;0;0;0;0;21;A01
200600055750;0;1;0;0;2;6;15;A01
200600055752;0;1;0;0;2;3;1;B01
200600055754;0;1;0;0;2;1;1;B01
200600055757;0;1;0;0;2;1;5;B01
200600055764;0;1;0;0;2;2;12;A01
200600055770;0;1;0;0;0;0;5;A01
200600055775;0;1;0;0;2;4;1;B01
200600055776;0;1;0;0;2;6;1;B01
200600055781;0;1;0;0;0;0;1;A01
200600055791;0;1;0;0;1;1;7;A01
200600055800;0;1;0;0;2;6;1;B01
200600055805;0;1;0;0;2;3;1;B01
200600055809;0;1;0;1;2;6;18;B01
200600055817;0;1;0;0;2;3;1;B01
200600055844;0;1;0;1;0;1;13;A01
200600055908;0;1;0;0;2;1;1;A01
200600055909;0;1;0;0;2;3;18;A01
200600055927;0;1;0;0;2;2;1;B01
200600055941;0;1;0;0;2;3;10;A01
200600055946;0;1;0;0;2;3;1;B01
200600055949;0;1;0;0;2;2;1;A01
200600055957;0;1;0;0;2;1;1;B01
200600055965;0;1;0;0;2;2;1;B01
200600055982;0;1;0;0;0;0;1;A01
200600055990;0;1;0;0;2;3;1;B01
200600056010;0;1;0;0;2;1;7;B01
200600056035;0;1;0;0;2;1;1;B01
200600056044;0;1;0;0;2;3;1;B01
200600056047;0;1;0;0;2;6;21;A01
200600056059;0;1;0;0;2;1;1;B01
200600056069;0;1;0;0;2;6;1;A01
200600056072;0;1;0;12;0;1;21;A01
200600056075;0;1;0;0;2;1;1;B01
200600056076;0;1;0;0;2;1;1;B01
200600056080;0;1;0;0;2;2;17;B01
200600056081;0;1;0;0;1;1;1;A01
200600056085;0;1;0;0;2;3;1;B01
200600056091;0;1;0;0;2;1;1;A01
200600056111;0;1;0;0;2;6;1;A01
200600056112;0;1;0;0;2;2;1;B01
200600056136;0;1;0;0;2;6;11;A01
200600056140;0;1;0;0;2;6;19;A01
200600056158;0;1;0;0;2;6;1;B01
200600056174;0;1;0;0;5;1;1;A01
200600056185;0;1;0;0;2;1;11;A01
200600056202;0;1;0;12;0;1;1;A01
200600056215;0;1;0;0;2;1;1;A01
200600056215;0;1;0;0;2;4;1;B01
200600056221;0;1;0;0;2;2;1;B01
200600056226;0;1;0;0;1;1;1;A01
200600056240;0;1;0;0;2;2;1;A01
200600056258;0;1;0;0;0;0;1;A01
200600056263;0;1;0;0;2;2;1;B01
200600056289;0;1;0;0;2;2;1;B01
200600056292;0;1;0;0;2;3;1;B01
200600056295;0;1;0;0;0;0;21;A01
200600056299;0;1;0;0;2;6;19;A01
200600056301;0;1;0;0;2;2;1;A01
200600056306;0;1;0;0;2;1;1;B01
200600056315;0;1;0;0;1;1;1;A01
200600056332;0;1;0;0;2;1;1;B01
200600056333;0;1;0;0;2;3;1;B01
200600056385;0;1;0;0;2;3;19;A01
200600056388;0;1;0;0;2;3;1;A01
200600056390;0;1;0;0;2;1;5;A01
200600056395;0;1;0;0;2;2;1;B01
200600056425;0;1;0;12;0;1;1;A01
200600056439;0;1;0;9;0;1;1;A01
200600056445;0;1;0;0;2;0;2;C01
200600056461;0;1;0;0;2;8;15;B01
200600056494;0;1;0;0;2;1;19;B01
200600056496;0;1;0;0;2;1;1;B01
200600056508;0;1;0;0;2;0;5;A01
200600056518;0;1;0;0;2;0;15;B01
200600056546;0;1;0;0;2;1;2;B01
200600056580;0;1;0;0;2;8;16;B01
200600056597;0;1;0;0;0;0;2;B01
200600056598;0;1;0;0;2;1;15;B01
200600056599;0;1;0;0;9;5;1;B01
200600056613;0;1;0;0;2;7;1;A01
200600056614;0;1;0;0;2;1;1;A01
200600056614;0;1;0;0;2;4;23;B01
200600056619;0;1;0;1;0;1;1;B01
200600056631;0;1;0;0;2;3;1;B01
200600056639;0;1;0;0;0;1;21;A01
200600056640;1;1;0;0;1;1;1;A01
200600056642;0;1;0;0;2;4;15;A01
200600056644;0;1;0;0;2;4;1;A01
200600056650;0;1;0;0;2;1;1;B01
200600056664;0;1;0;0;2;8;19;A01
200600056686;0;1;0;0;2;1;15;A01
200600056694;0;1;0;0;0;7;0;B01
200600056699;0;1;0;0;1;1;1;A01
200600056706;0;1;0;1;0;1;21;B01
200600056713;0;1;0;0;2;8;15;B01
200600056724;0;1;0;0;2;1;15;B01
200600056731;0;1;0;0;2;4;0;B01
200600056733;0;1;0;0;2;1;7;A01
200600056750;0;1;0;0;0;8;1;B01
200600056787;0;1;0;0;2;1;1;B01
200600056793;0;1;0;0;2;1;9;A01
200600056814;0;1;0;0;2;4;2;B01
200600056826;0;1;0;0;2;2;1;B01
200600056840;0;1;0;0;2;1;19;A01
200600056881;0;1;0;0;1;1;17;A01
200600056899;0;1;0;0;2;1;1;B01
200600056910;0;1;0;0;2;1;2;B01
200600056933;0;1;0;0;0;1;1;B01
200600056960;0;1;0;0;0;4;1;B01
200600056985;0;1;0;1;2;4;1;B01
200600056986;0;1;0;0;1;1;1;A01
200600056996;0;1;0;0;2;1;1;B01
200600057000;0;1;0;0;2;1;5;A01
200600057023;0;1;0;0;2;0;1;B01
200600057023;0;1;0;0;2;0;1;C01
200600057039;0;1;0;0;1;1;1;A01
200600057057;0;1;0;0;1;1;1;A01
200600057079;0;1;0;0;2;4;17;B01
200600057083;0;1;0;0;2;3;19;A01
200600057084;0;1;0;1;0;1;1;B01
200600057089;0;1;0;0;2;7;17;B01
200600057091;0;1;0;0;2;0;1;A01
200600057102;0;1;0;0;2;1;0;B01
200600057106;0;1;0;0;2;1;1;B01
200600057117;0;1;0;0;2;1;1;B01
200600057118;0;1;0;0;0;4;1;B01
200600057125;0;1;0;0;1;1;1;A01
200600057126;0;1;0;0;2;8;2;B01
200600057127;0;1;0;15;0;1;2;A01
200600057157;0;1;0;0;2;8;1;B01
200600057164;0;1;0;1;0;1;16;A01
200600057173;0;1;0;0;2;0;0;B01
200600057177;0;1;0;0;2;1;1;B01
200600057238;0;1;0;0;0;1;6;A01
200600057250;0;1;0;0;2;4;19;B01
200600057257;0;1;0;0;2;1;1;B01
200600057262;0;1;0;0;0;0;1;B01
200600057267;0;1;0;0;2;1;2;A01
200600057272;0;1;0;0;2;1;1;B01
200600057284;0;1;0;0;2;8;1;A01
200600057292;0;1;0;0;2;4;1;B01
200600057318;0;1;0;0;2;8;19;B01
200600057322;0;1;0;0;2;1;1;B01
200600057337;0;1;0;0;2;7;0;B01
200600057343;0;1;0;0;2;7;19;B01
200600057359;0;1;0;0;2;1;0;A01
200600057389;0;1;0;0;0;4;2;B01
200600057400;0;1;0;0;2;1;1;B01
200600057422;0;1;0;0;2;3;15;B01
200600057439;0;1;0;0;2;1;21;A01
200600057465;0;1;0;1;0;1;1;A01
200600057495;0;1;0;1;0;1;1;B01
200600057506;0;1;0;0;2;0;1;B01
200600057532;0;1;0;0;2;4;1;B01
200600057543;0;1;0;0;2;1;1;A01
200600057559;0;1;0;12;0;0;1;B01
200600057573;0;1;0;0;1;1;0;A01
200600057578;0;1;0;0;0;7;1;A01
200600057580;0;1;0;0;0;7;1;A01
200600057581;0;1;0;0;1;2;1;A01
200600057936;0;1;0;0;2;1;1;A01
200600057946;0;1;0;0;2;1;1;B01
200600058037;0;1;0;0;2;1;1;A01
200600058039;0;1;0;0;2;1;1;B01
200600058040;0;1;0;1;0;1;1;B01
200600058042;0;1;0;0;2;1;1;A01
200600058044;0;1;0;0;2;1;1;A01
200600058102;0;1;0;1;0;7;21;B01
200600058158;0;1;0;0;2;1;1;B01
200600058159;0;1;0;0;2;1;1;B01
200600058164;0;1;0;0;2;4;0;A01
200600058168;0;1;0;0;2;1;2;A01
200600058186;0;1;0;0;2;8;13;B02
200600058201;0;1;0;0;0;7;15;B02
200600058213;0;1;0;0;2;1;13;A01
200600058232;0;1;0;0;2;7;19;B02
200600058234;0;1;0;0;0;8;1;B02
200600058238;0;1;0;0;0;6;0;B02
200600058255;0;1;0;0;2;1;1;B02
200600058270;0;1;0;0;2;1;15;B02
200600058280;0;1;0;0;2;2;19;B02
200600058292;0;1;0;0;2;1;15;B02
200600058304;0;1;0;0;9;3;1;B02
200600058338;0;1;0;0;2;7;17;A01
200600058339;0;1;0;0;0;4;15;B02
200600058351;0;1;0;0;2;4;1;B02
200600058371;0;1;0;0;0;4;1;B02
200600058372;0;1;0;0;2;6;0;A01
200600058379;0;1;0;0;2;1;1;B02
200600058446;0;1;0;0;2;4;2;B02
200600058465;0;1;0;0;2;1;15;B02
200600058474;0;1;0;0;2;8;1;B02
200600058476;0;1;0;1;0;1;1;A01
200600058481;0;1;0;0;2;8;15;B02
200600058492;0;1;0;0;2;7;1;B02
200600058532;0;1;0;0;2;7;1;B02
200600058541;0;1;0;0;2;7;15;A01
200600058545;0;1;0;0;0;5;1;B02
200600058569;0;1;0;0;2;1;13;B02
200600058587;0;1;0;0;0;4;1;B02
200600058624;0;1;0;0;2;4;2;B02
200600058672;0;1;0;0;2;1;15;B02
200600058702;0;1;0;0;2;6;19;B02
200600058742;0;1;0;0;2;8;15;B02
200600058786;0;1;0;0;2;2;2;A01
200600058824;0;1;0;0;0;6;15;A01
200600058824;0;1;0;0;0;5;19;C03
200600058831;0;1;0;0;2;1;19;A01
200600058834;0;1;0;0;2;1;13;B02
200600058879;0;1;0;0;2;1;1;B02
200600058927;0;1;0;1;0;1;1;B02
200600058928;0;1;0;1;0;1;1;A01
200600058932;0;1;0;0;2;1;5;B02
200600058940;0;1;0;0;0;8;19;B02
200600058973;0;1;0;0;2;6;15;B02
200600059008;0;1;0;0;2;1;1;B02
200600059029;0;1;0;0;0;7;9;A01
200600059034;0;1;0;0;0;4;2;B02
200600059036;0;1;0;0;1;1;21;A01
200600059085;0;1;0;0;2;8;1;B02
200600059091;0;1;0;0;2;1;1;B02
200600059106;0;1;0;0;0;1;1;B02
200600059113;0;1;0;0;2;1;15;B02
200600059114;0;1;0;0;2;8;1;B02
200600059116;0;1;0;0;0;4;0;B02
200600059131;0;1;0;0;2;3;19;B02
200600059143;0;1;0;0;2;1;9;B02
200600059164;0;1;0;0;2;6;2;B02
200600059187;0;1;0;0;5;8;1;A01
200600059189;0;1;0;0;2;1;15;B02
200600059194;0;1;0;0;2;8;1;B02
200600059203;0;1;0;0;2;1;1;A01
200600059204;0;1;0;0;0;0;1;A01
200600059208;0;1;0;0;2;1;1;B02
200600059209;0;1;0;0;2;1;1;B02
200600059243;0;1;0;0;2;4;1;B02
200600059257;0;1;0;0;2;7;19;A01
200600059265;0;1;0;0;2;1;19;B02
200600059304;0;1;0;0;2;1;21;B02
200600059355;0;1;0;0;0;1;11;A01
200600059395;0;1;0;0;2;3;9;B02
200600059443;0;1;0;1;0;1;1;B02
200600059447;0;1;0;0;2;1;1;B02
200600059480;0;1;0;0;0;7;0;B02
200600059495;0;1;0;0;0;0;1;A01
200600059502;0;1;0;0;2;3;15;B02
200600059532;0;1;0;0;2;4;13;A01
200600059590;0;1;0;0;2;1;1;B02
200600059605;0;1;0;0;2;8;1;A01
200600059610;0;1;0;0;2;0;2;A01
200600059626;0;1;0;0;2;1;1;B02
200600059649;0;1;0;0;2;6;15;B02
200600059666;0;1;0;0;0;1;1;B02
200600059669;0;1;0;0;2;5;1;B02
200600059672;0;1;0;0;2;1;19;B02
200600059695;0;1;0;0;0;0;0;A01
200600059714;0;1;0;0;0;1;0;B02
200600059716;0;1;0;0;2;8;15;B02
200600059716;0;1;0;0;2;0;13;C03
200600059736;0;1;0;0;2;4;1;B02
200600059773;0;1;0;0;0;4;2;B02
200600059774;0;1;0;0;0;6;0;B02
200600059782;0;1;0;0;2;8;1;B02
200600059794;0;1;0;0;2;4;1;A01
200600059811;0;1;0;0;2;1;13;A01
200600059818;0;1;0;0;0;7;19;A01
200600059830;0;1;0;0;0;0;1;A01
200600059904;0;1;0;0;2;4;9;A01
200600059906;0;1;0;0;2;1;2;B02
200600059951;0;1;0;0;0;8;1;B02
200600059953;0;1;0;0;2;3;2;B02
200600059954;0;1;0;0;2;3;15;A01
200600059955;0;1;0;0;0;4;0;B02
200600059966;0;1;0;0;2;1;0;B02
200600059969;0;1;0;0;2;7;13;B02
200600060047;0;1;0;0;2;4;1;B02
200600060117;0;1;0;0;2;1;13;B02
200600060139;0;1;0;0;2;8;0;A01
200600060149;0;1;0;0;2;3;1;B02
200600060213;0;1;0;0;2;4;2;B01
200600060216;0;1;0;0;2;2;1;B01
200600060217;0;1;0;0;2;2;1;B01
200600060223;0;1;0;0;1;1;17;A01
200600060241;0;1;0;0;2;2;1;B01
200600060244;0;1;0;0;2;3;0;C01
200600060259;0;1;0;0;2;3;0;A01
200600060264;0;1;0;0;2;0;0;B01
200600060336;0;1;0;0;2;1;13;A01
200600060351;0;1;0;0;2;1;2;A01
200600060366;0;1;0;0;2;0;0;B01
200600060371;0;1;0;0;2;1;19;A01
200600060379;0;1;0;1;0;1;2;A01
200600060403;0;1;0;0;2;1;9;A01
200600060423;0;1;0;0;2;6;1;B01
200600060435;0;1;0;0;2;8;1;B01
200600060450;0;1;0;0;2;4;23;B01
200600060524;0;1;0;0;2;1;13;A01
200600060530;0;1;0;0;2;1;17;B01
200600060559;0;1;0;0;2;1;1;B01
200600060571;0;1;0;0;2;7;1;B01
200600060587;0;1;0;0;2;1;0;B01
200600060652;0;1;0;0;2;4;0;B01
200600060768;0;1;0;0;2;2;2;B01
200600060771;0;1;0;0;0;0;2;B01
200600060793;0;1;0;0;2;1;5;B01
200600060832;0;1;0;0;2;3;0;B01
200600060839;0;1;0;0;0;8;1;A01
200600060881;0;1;0;0;2;4;1;B01
200600060903;0;1;0;0;2;2;0;A01
200600060938;0;1;0;0;2;3;1;B01
200600060947;0;1;0;0;2;7;1;B01
200600060951;0;1;0;0;2;7;19;A01
200600060958;0;1;0;0;2;1;1;B01
200600060962;0;1;0;0;2;1;21;B01
200600060983;0;1;0;0;2;4;19;B01
200600061005;0;1;0;0;2;1;2;A01
200600061009;0;1;0;0;2;1;15;A01
200600061011;0;1;0;0;2;1;1;B01
200600061018;0;1;0;0;2;7;19;B01
200600061019;0;1;0;0;2;4;1;B01
200600061025;0;1;0;0;2;2;19;B01
200600061029;0;1;0;0;2;2;19;A01
200600061040;0;1;0;0;2;1;16;B01
200600061049;0;1;0;0;2;4;1;B01
200600061071;0;1;0;0;2;1;1;B01
200600061073;0;1;0;0;0;8;19;B01
200600061080;0;1;0;0;0;1;2;B01
200600061084;0;1;0;0;0;7;0;B01
200600061094;0;1;0;0;2;1;1;A01
200600061114;0;1;0;0;2;1;1;B01
200600061118;0;1;0;0;2;7;1;B01
200600061123;0;1;0;0;2;8;1;B01
200600061162;0;1;0;0;2;8;1;B01
200600061166;0;1;0;0;4;3;1;A01
200600061229;0;1;0;0;0;4;2;B01
200600061232;0;1;0;1;2;1;1;B01
200600061277;0;1;0;0;2;1;1;A01
200600061292;0;1;0;0;2;1;1;A01
200600061299;0;1;0;0;2;8;19;B01
200600061301;0;1;0;0;2;1;15;B01
200600061307;0;1;0;0;2;1;0;A01
200600061341;0;1;0;0;2;3;1;B01
200600061345;0;1;0;0;2;7;1;B01
200600061346;0;1;0;0;1;0;5;A01
200600061359;0;1;0;0;2;3;0;A01
200600061360;0;1;0;0;2;2;1;A01
200600061365;0;1;0;0;2;1;1;A01
200600061371;0;1;0;0;2;1;1;A01
200600061372;0;1;0;0;2;3;1;B01
200600061375;0;1;0;0;2;1;0;A01
200600061377;0;1;0;0;2;1;1;B01
200600061384;1;1;0;0;1;1;7;A01
200600061389;0;1;0;0;2;4;1;A01
200600061395;0;1;0;0;2;0;1;A01
200600061403;0;1;0;0;2;1;1;A01
200600061403;0;1;0;0;2;1;1;B01
200600061421;0;1;0;0;0;4;1;B01
200600061429;0;1;0;0;2;8;1;B01
200600061439;0;1;0;1;1;1;1;A01
200600061444;0;1;0;0;0;0;1;A01
200600061451;0;1;0;0;2;7;1;B01
200600061453;0;1;0;0;2;8;1;B01
200600061456;0;1;0;0;0;4;1;B01
200600061459;0;1;0;0;2;3;1;B01
200600061461;0;1;0;0;2;1;15;A01
200600061465;0;1;0;0;2;1;1;B01
200600061485;0;1;0;0;2;1;1;B01
200600061503;0;1;0;0;2;1;1;B01
200600061504;0;1;0;0;2;8;15;B01
200600061505;0;1;0;0;1;1;1;A01
200600061505;0;1;0;0;0;0;1;B01
200600061529;0;1;0;0;2;8;2;B01
200600061533;0;1;0;0;0;4;2;B01
200600061548;0;1;0;0;2;1;1;A01
200600061570;0;1;0;0;2;4;2;B01
200600061578;0;1;0;0;2;7;1;B01
200600061596;0;1;0;0;2;8;19;A01
200600061616;0;1;0;0;0;0;1;A01
200600061666;0;1;0;0;0;0;1;A01
200600061685;0;1;0;0;2;0;15;A01
200600061696;0;1;0;0;2;0;1;A01
200600061696;0;1;0;0;2;0;17;B01
200600061699;0;1;0;0;2;0;1;B01
200600061707;0;1;0;0;0;0;0;A01
200600061718;0;1;0;0;0;0;0;A01
200600061721;0;1;0;0;0;0;1;A01
200600061734;0;1;0;0;2;1;9;B01
200600061738;0;1;0;0;2;4;1;B01
200600061749;0;1;0;0;2;1;0;A01
200600061757;0;1;0;0;0;0;1;A01
200600061758;0;1;0;0;2;8;15;A01
200600061759;0;1;0;0;2;2;5;A01
200600061767;0;1;0;0;4;1;1;B01
200600061773;0;1;0;0;2;1;15;A01
200600061774;0;1;0;0;1;1;1;A01
200600061779;0;1;0;0;2;1;19;A01
200600061780;0;1;0;1;2;1;19;B01
200600061784;0;1;0;0;2;8;19;A01
200600061785;0;1;0;0;2;6;1;B01
200600061786;0;1;0;0;2;1;1;B01
200600061787;0;1;0;0;1;1;1;A01
200600061793;0;1;0;0;2;4;2;A01
200600061800;0;1;0;0;2;7;17;A01
200600061809;0;1;0;0;2;4;2;B01
200600061809;0;1;0;0;2;4;2;C01
200600061809;0;1;0;0;2;4;2;D01
200600061814;0;1;0;0;2;7;1;A01
200600061818;0;1;0;0;2;7;1;A01
200600061827;0;1;0;0;2;1;1;B01
200600061854;0;1;0;0;2;1;15;A01
200600061860;0;1;0;0;2;7;15;B01
200600061868;0;1;0;0;2;1;1;B01
200600061873;0;1;0;0;1;1;1;A01
200600061874;0;1;0;0;2;4;1;B01
200600061881;0;1;0;0;2;1;1;B01
200600061907;0;1;0;0;2;3;11;B01
200600061908;0;1;0;0;2;3;1;B01
200600061919;0;1;0;0;2;4;15;B01
200600061936;0;1;0;0;2;1;18;B01
200600061943;0;1;0;1;0;1;1;B01
200600061957;0;1;0;0;2;8;0;B01
200600061968;0;1;0;0;2;3;0;B01
200600061977;0;1;0;0;2;5;1;B01
200600061984;0;1;0;0;2;8;1;A01
200600061994;0;1;0;0;1;1;0;A01
200600061995;0;1;0;0;1;1;1;A01
200600061999;0;1;0;0;2;1;1;A01
200600062006;0;1;0;0;2;1;19;A01
200600062014;0;1;0;0;9;2;1;B01
200600062023;0;1;0;3;2;7;1;C01
200600062046;0;1;0;0;0;0;0;A01
200600062051;0;1;0;0;2;1;19;A01
200600062076;0;1;0;0;0;0;1;A01
200600062117;0;1;0;0;2;0;1;B01
200600062121;0;1;0;0;2;1;0;B01
200600062154;0;1;0;0;2;2;1;B01
200600062167;0;1;0;0;2;1;1;B01
200600062170;0;1;0;0;2;1;15;B01
200600062176;1;1;0;0;1;1;1;A01
200600062194;0;1;0;0;2;1;1;A01
200600062202;0;1;0;0;2;8;2;B01
200600062206;0;1;0;0;2;1;11;A01
200600062214;0;1;0;0;2;1;5;A01
200600062217;0;1;0;0;2;1;5;A01
200600062222;0;1;0;0;0;4;1;B01
200600062226;0;1;0;0;2;1;16;A01
200600062230;0;1;0;0;2;7;1;B01
200600062237;0;1;0;0;2;1;1;A01
200600062238;0;1;0;0;2;7;1;B01
200600062239;0;1;0;0;2;1;1;B01
200600062254;0;1;0;0;2;1;1;B01
200600062284;0;1;0;0;2;4;1;B01
200600062286;0;1;0;0;2;1;19;A01
200600062294;0;1;0;0;2;4;19;B01
200600062311;0;1;0;0;2;1;1;B01
200600062341;0;1;0;0;0;8;1;B01
200600062344;0;1;0;0;0;4;1;B01
200600062365;0;1;0;0;2;1;2;B01
200600062374;0;1;0;0;2;0;1;B01
200600062379;0;1;0;0;2;8;11;A01
200600062380;0;1;0;0;2;1;1;B01
200600062383;0;1;0;0;2;1;23;B01
200600062389;0;1;0;0;2;1;1;A01
200600062391;0;1;0;14;0;5;15;A01
200600062410;0;1;0;1;0;1;1;B01
200600062418;0;1;0;0;2;8;1;A01
200600062450;0;1;0;0;2;0;19;B01
200600062459;0;1;0;0;2;1;1;B01
200600062462;0;1;0;0;2;1;1;B01
200600062463;0;1;0;0;2;4;1;B01
200600062473;0;1;0;0;2;0;1;A01
200600062475;0;1;0;0;2;0;19;B01
200600062478;0;1;0;0;2;0;0;B01
200600062481;0;1;0;0;2;9;19;A01
200600062492;0;1;0;0;2;3;1;A01
200600062498;0;1;0;0;2;4;15;A01
200600062506;0;1;0;0;2;1;19;A01
200600062509;0;1;0;0;2;1;19;B01
200600062592;0;1;0;0;2;1;6;A01
200600062603;0;1;0;0;2;1;1;A01
200600062624;0;1;0;0;2;1;18;B01
200600062627;0;1;0;0;2;1;5;B01
200600062651;0;1;0;1;0;1;1;B01
200600062653;0;1;0;0;2;0;1;A01
200600062657;0;1;0;0;2;1;15;B01
200600062702;0;1;0;0;2;1;1;B01
200600062709;0;1;0;0;2;1;1;B01
200600062713;0;1;0;1;0;1;1;B01
200600062721;0;1;0;0;2;8;1;B01
200600062722;0;1;0;0;2;1;23;B01
200600062736;0;1;0;0;2;2;9;A01
200600062740;0;1;0;0;2;1;1;B01
200600062752;0;1;0;0;0;0;9;B01
200600062757;0;1;0;0;2;1;1;B01
200600062760;0;1;0;0;2;0;11;A01