Num_Acc;senc;catv;occutc;obs;obsm;choc;manv;num_veh
200600062765;0;1;0;0;0;4;1;B01
200600062795;0;1;0;0;2;1;16;A01
200600062807;0;1;0;0;2;1;1;B01
200600062808;0;1;0;0;2;1;19;B01
200600062809;0;1;0;0;2;7;17;A01
200600062809;0;1;0;0;2;3;1;B01
200600062810;0;1;0;0;2;8;1;B01
200600062813;0;1;0;0;2;1;1;B01
200600062815;0;1;0;0;2;8;19;A01
200600062817;0;1;0;0;2;8;11;B01
200600062820;0;1;0;0;2;1;1;B01
200600062822;0;1;0;0;2;1;1;B01
200600062822;0;1;0;0;2;8;15;C01
200600062824;0;1;0;0;1;1;1;A01
200600062831;0;1;0;0;2;1;1;A01
200600062839;0;1;0;0;4;1;1;B01
200600062840;0;1;0;0;2;8;15;B01
200600062842;0;1;0;1;2;1;1;B01
200600062844;0;1;0;0;2;0;0;B01
200600062845;0;1;0;1;0;1;1;B01
200600062847;0;1;0;1;2;1;1;B01
200600062852;0;1;0;0;2;7;19;B01
200600062856;0;1;0;0;2;3;1;B01
200600062857;0;1;0;0;2;1;1;B01
200600062864;0;1;0;0;2;8;1;B01
200600062870;0;1;0;0;2;1;1;A01
200600062886;0;1;0;0;2;3;1;B01
200600062893;0;1;0;0;4;3;6;B01
200600062895;0;1;0;0;0;7;17;B01
200600062905;0;1;0;0;2;1;1;B01
200600062906;0;1;0;1;0;1;1;B01
200600062912;0;1;0;0;2;1;1;B01
200600062918;0;1;0;0;2;1;5;A01
200600062925;0;1;0;0;2;1;1;A01
200600062933;0;1;0;0;2;1;1;F01
200600062933;0;1;0;0;2;1;1;B01
200600062933;0;1;0;0;2;1;1;G01
200600062933;0;1;0;0;2;1;1;C01
200600062933;0;1;0;0;2;1;1;H01
200600062933;0;1;0;0;2;1;1;D01
200600062933;0;1;0;0;2;1;1;I01
200600062933;0;1;0;0;2;1;1;E01
200600062933;0;1;0;0;2;1;1;J01
200600062967;0;1;0;0;0;1;1;B01
200600063001;0;1;0;0;0;7;1;B01
200600063008;0;1;0;0;2;1;1;B01
200600063020;0;1;0;0;2;1;1;A01
200600063083;0;1;0;0;1;1;5;A01
200600063100;0;1;0;0;2;1;5;A01
200600063118;0;1;0;0;2;2;5;A01
200600063129;0;1;0;0;2;3;18;A01
200600063145;0;1;0;0;2;2;1;B01
200600063156;0;1;0;0;0;0;1;A01
200600063157;0;1;0;0;1;1;1;A01
200600063158;0;1;0;0;1;1;17;A01
200600063175;0;1;0;0;2;1;5;A01
200600063182;0;1;0;0;2;2;1;B01
200600063202;0;1;0;0;2;2;1;B01
200600063209;0;1;0;0;2;1;1;A01
200600063214;0;1;0;0;2;6;1;B01
200600063214;0;1;0;0;2;3;1;C01
200600063223;0;1;0;0;2;1;1;B01
200600063227;0;1;0;0;2;3;18;A01
200600063231;0;1;0;0;1;1;1;A01
200600063237;0;1;0;0;2;2;1;B01
200600063252;0;1;0;0;2;3;3;A01
200600063255;0;1;0;0;1;1;1;A01
200600063284;0;1;0;0;2;1;15;B01
200600063292;0;1;0;0;2;3;1;B01
200600063330;0;1;0;0;2;3;1;B01
200600063349;0;1;0;12;2;2;17;A01
200600063356;0;1;0;1;2;3;1;B01
200600063361;0;1;0;0;1;1;1;A01
200600063387;0;1;0;0;2;1;17;B01
200600063397;0;1;0;12;0;1;1;A01
200600063413;0;1;0;1;0;1;1;A01
200600063429;0;1;0;0;2;2;1;B01
200600063430;0;1;0;0;2;6;11;A01
200600063444;0;1;0;0;2;4;1;B01
200600063491;0;1;0;0;2;1;1;B01
200600063500;0;1;0;0;2;1;1;B01
200600063546;0;1;0;0;2;2;21;B01
200600063549;0;1;0;0;2;6;1;B01
200600063555;0;1;0;0;2;6;11;A01
200600063556;0;1;0;0;2;3;18;A01
200600063605;0;1;0;0;2;1;1;A01
200600063605;0;1;0;0;2;4;1;B01
200600063605;0;1;0;0;2;4;1;C01
200600063605;0;1;0;0;2;4;1;D01
200600063605;0;1;0;0;2;4;1;E01
200600063617;0;1;0;0;2;1;1;B01
200600063619;0;1;0;0;2;1;1;B01
200600063625;0;1;0;0;2;2;17;B01
200600063635;0;1;0;0;2;3;18;A01
200600063657;0;1;0;0;2;3;5;A01
200600063672;0;1;0;0;2;1;1;B01
200600063684;0;1;0;0;2;3;19;A01
200600063687;0;1;0;0;2;3;18;A01
200600063689;0;1;0;0;2;2;1;B01
200600063691;0;1;0;0;2;2;21;A01
200600063718;0;1;0;0;2;6;1;B01
200600063747;0;1;0;14;0;1;1;A01
200600063769;0;1;0;0;2;1;1;A01
200600063769;0;1;0;0;2;4;1;B01
200600063782;0;1;0;0;2;3;1;A01
200600063822;0;1;0;0;0;0;21;A01
200600063851;0;1;0;0;2;4;0;B01
200600063852;0;1;0;0;2;1;19;A01
200600063870;0;1;0;0;0;0;0;A01
200600063872;0;1;0;0;2;7;1;B01
200600063922;0;1;0;12;0;1;1;A01
200600063947;0;1;0;0;2;8;19;A01
200600063949;0;1;0;0;2;3;19;B01
200600063955;0;1;0;0;0;1;1;B01
200600063970;0;1;0;0;2;7;1;B01
200600063975;0;1;0;0;2;3;11;A01
200600063977;0;1;0;0;2;1;19;B01
200600063982;0;1;0;0;2;2;16;B01
200600064011;0;1;0;0;1;1;0;A01
200600064023;0;1;0;0;2;1;1;B01
200600064043;0;1;0;0;2;1;1;A01
200600064069;0;1;0;0;2;1;15;B01
200600064086;0;1;0;0;2;1;1;B01
200600064087;0;1;0;0;2;1;5;A01
200600064088;0;1;0;0;2;1;1;A01
200600064094;0;1;0;0;2;4;1;B01
200600064096;0;1;0;0;2;6;0;B01
200600064105;0;1;0;0;2;1;15;B01
200600064106;0;1;0;0;2;1;1;A01
200600064110;0;1;0;0;2;1;9;A01
200600064125;0;1;0;0;2;8;19;B01
200600064131;0;1;0;0;2;8;1;B01
200600064137;0;1;0;0;2;8;19;A01
200600064141;0;1;0;0;2;1;15;B01
200600064158;0;1;0;0;2;0;19;B01
200600064189;0;1;0;0;1;1;17;A01
200600064201;0;1;0;0;2;8;18;B01
200600064252;0;1;0;0;2;5;15;A01
200600064253;0;1;0;0;0;5;1;B01
200600064257;0;1;0;0;0;3;5;B01
200600064259;0;1;0;0;0;3;16;B01
200600064274;0;1;0;0;2;1;1;B01
200600064292;0;1;0;0;2;1;1;B01
200600064307;0;1;0;0;2;4;1;B01
200600064312;0;1;0;0;2;1;17;A01
200600064315;0;1;0;0;0;0;0;A01
200600064330;0;1;0;0;2;1;1;B01
200600064333;0;1;0;0;1;1;1;A01
200600064355;0;1;0;0;2;7;19;B01
200600064363;0;1;0;0;2;8;1;B01
200600064367;0;1;0;0;2;8;1;B01
200600064377;0;1;0;0;0;8;19;A01
200600064379;0;1;0;0;2;7;11;B01
200600064384;0;1;0;0;0;7;19;B01
200600064447;0;1;0;0;2;1;19;A01
200600064464;0;1;0;1;0;1;0;B01
200600064474;0;1;0;0;2;4;2;B01
200600064529;0;1;0;1;0;7;2;B01
200600064560;0;1;0;0;2;1;5;B01
200600064571;0;1;0;1;2;0;0;D01
200600064574;0;1;0;0;2;1;1;B01
200600064604;0;1;0;0;2;1;3;A01
200600064617;0;1;0;0;2;1;19;A01
200600064628;0;1;0;0;2;4;9;B01
200600064635;0;1;0;0;2;1;1;A01
200600064710;0;1;0;0;2;2;2;V01
200600064732;0;1;0;0;2;1;1;B01
200600064750;0;1;0;0;2;1;2;A01
200600064752;0;1;0;0;0;3;16;B01
200600064783;0;1;0;0;2;1;1;B01
200600064786;0;1;0;12;0;1;0;A01
200600064787;0;1;0;0;2;2;19;A01
200600064800;0;1;0;0;2;3;19;A01
200600064803;0;1;0;0;2;1;1;B01
200600064829;0;1;0;0;2;1;19;A01
200600064861;0;1;0;0;2;8;1;B01
200600064893;0;1;0;0;0;0;0;B01
200600064927;0;1;0;0;2;1;1;B01
200600064937;0;1;0;1;0;1;2;B01
200600064941;0;1;0;0;0;1;1;B01
200600064953;0;1;0;0;2;1;0;A01
200600064955;0;1;0;0;2;1;16;A01
200600064963;0;1;0;0;2;7;19;B01
200600064964;0;1;0;0;2;1;19;B01
200600064965;1;1;0;0;1;0;0;A01
200600064971;0;1;0;0;2;7;1;A01
200600064981;0;1;0;0;2;1;0;A01
200600065004;0;1;0;0;2;3;0;B01
200600065018;0;1;0;0;2;1;1;B01
200600065025;0;1;0;0;2;8;0;B01
200600065031;0;1;0;0;2;1;9;B01
200600065040;0;1;0;0;2;1;0;B01
200600065050;0;1;0;0;2;3;9;B01
200600065053;0;1;0;0;2;1;1;B01
200600065079;1;1;0;0;1;1;1;A01
200600065103;0;1;0;0;0;0;1;B01
200600065115;0;1;0;0;2;4;12;B01
200600065129;0;1;0;0;0;0;1;A01
200600065132;0;1;0;0;0;0;1;A01
200600065139;0;1;0;0;2;4;1;B01
200600065151;0;1;0;0;2;1;11;B01
200600065180;0;1;0;0;0;8;1;B01
200600065194;0;1;0;0;2;8;19;B01
200600065543;0;1;0;0;1;1;1;A01
200600065544;0;1;0;0;1;1;1;A01
200600065550;0;1;0;0;1;1;1;A01
200600065557;0;1;0;0;0;1;8;A01
200600065571;0;1;0;0;2;1;1;B01
200600065579;0;1;0;0;1;1;14;A01
200600065631;0;1;0;0;2;1;1;B01
200600065748;0;1;0;0;0;0;1;B01
200600065765;0;1;0;0;0;1;1;B01
200600065780;0;1;0;0;2;1;15;A01
200600065785;0;1;0;0;2;1;13;A01
200600065787;0;1;0;0;2;1;16;B01
200600065793;0;1;0;0;2;1;1;B01
200600065835;0;1;0;0;2;1;1;B01
200600065867;0;1;0;0;2;3;1;B01
200600065921;0;1;0;0;2;0;16;B01
200600065933;0;1;0;0;2;4;11;A01
200600065952;0;1;0;0;2;0;0;B01
200600065964;1;1;0;0;2;0;9;A01
200600065983;0;1;0;0;2;1;1;A01
200600065986;0;1;0;0;2;4;1;B01
200600065986;0;1;0;0;2;4;1;C01
200600066036;0;1;0;0;2;1;1;A01
200600066043;0;1;0;0;2;2;1;B01
200600066076;0;1;0;0;2;0;2;B01
200600066087;0;1;0;0;2;1;1;B01
200600066101;0;1;0;0;2;1;5;A01
200600066106;0;1;0;0;2;8;1;B01
200600066111;0;1;0;0;2;0;1;B01
200600066131;0;1;0;0;2;6;1;A01
200600066148;0;1;0;0;2;0;5;A01
200600066156;0;1;0;0;0;3;19;B01
200600066160;0;1;0;0;2;1;1;A01
200600066161;0;1;0;0;2;8;1;A01
200600066335;0;1;0;0;2;1;9;A01
200600066394;0;1;0;0;2;0;1;B01
200600066408;0;1;0;0;0;4;1;B01
200600066421;0;1;0;0;2;1;1;B01
200600066430;0;1;0;0;2;3;1;B01
200600066451;0;1;0;0;2;8;1;B01
200600066478;0;1;0;0;2;1;1;B01
200600066483;0;1;0;0;0;4;2;B01
200600066518;0;1;0;0;2;8;19;A01
200600066538;0;1;0;0;2;3;11;B01
200600066547;0;1;0;0;2;4;2;B01
200600066583;0;1;0;0;2;1;1;B01
200600066602;0;1;0;0;2;8;13;B01
200600066612;0;1;0;0;2;9;2;B01
200600066669;0;1;0;0;2;1;1;B01
200600066673;0;1;0;0;2;7;19;B01
200600066674;0;1;0;0;2;0;0;B01
200600066755;0;1;0;0;2;1;5;A01
200600066756;0;1;0;0;2;1;1;A01
200600066758;0;1;0;0;2;7;1;B01
200600066815;0;1;0;0;1;1;1;A01
200600066832;0;1;0;0;2;3;19;B01
200600066834;0;1;0;0;2;1;5;B01
200600066836;0;1;0;0;2;4;2;B01
200600066852;0;1;0;0;1;0;11;A01
200600066870;0;1;0;0;2;1;9;A01
200600066879;0;1;0;0;2;2;17;B01
200600066919;0;1;0;0;2;7;19;A01
200600066920;0;1;0;12;2;7;19;B01
200600066926;0;1;0;0;2;1;19;B01
200600066931;0;1;0;0;2;1;1;B01
200600066938;0;1;0;0;2;0;1;B01
200600066946;0;1;0;0;2;1;19;B01
200600066976;0;1;0;0;2;0;1;B01
200600066982;0;1;0;1;2;7;19;B01
200600066988;0;1;0;0;0;1;1;A01
200600066990;0;1;0;0;2;1;15;B01
200600066991;0;1;0;0;2;1;19;A01
200600066998;0;1;0;0;0;8;1;B01
200600067015;0;1;0;0;2;4;13;A01
200600067017;0;1;0;1;0;1;1;B01
200600067018;0;1;0;14;0;1;1;B01
200600067020;0;1;0;0;2;1;16;B01
200600067024;0;1;0;0;0;3;1;B01
200600067029;0;1;0;0;2;1;1;A01
200600067036;0;1;0;0;1;1;1;A01
200600067087;0;1;0;0;4;3;0;A01
200600067109;0;1;0;0;2;2;15;A01
200600067119;0;1;0;0;2;8;1;B01
200600067151;0;1;0;0;0;0;0;B01
200600067164;0;1;0;0;2;0;0;A01
200600067166;0;1;0;0;2;1;23;B01
200600067168;0;1;0;0;2;1;19;B01
200600067187;0;1;0;0;1;1;1;A01
200600067196;0;1;0;0;2;7;1;B01
200600067200;0;1;0;0;2;1;1;B01
200600067219;0;1;0;0;0;0;1;A01
200600067246;0;1;0;1;0;1;1;B01
200600067270;0;1;0;0;2;3;19;A01
200600067275;0;1;0;0;2;1;1;B01
200600067277;0;1;0;0;4;1;16;B01
200600067280;0;1;0;0;2;1;1;B01
200600067282;0;1;0;0;2;1;1;A01
200600067326;0;1;0;0;2;1;1;B01
200600067330;0;1;0;0;2;4;16;A01
200600067334;0;1;0;0;2;1;15;A01
200600067382;0;1;0;0;2;1;1;B01
200600067397;0;1;0;0;2;2;1;B01
200600067402;0;1;0;0;2;5;1;B01
200600067425;0;1;0;0;2;0;1;B01
200600067457;0;1;0;0;0;1;1;B01
200600067458;0;1;0;0;2;1;19;A01
200600067460;0;1;0;0;2;1;1;B01
200600067475;0;1;0;1;0;1;16;B01
200600067478;0;1;0;0;2;8;15;B01
200600067479;0;1;0;0;2;8;1;B01
200600067481;0;1;0;0;4;1;1;A01
200600067483;0;1;0;0;1;0;5;A01
200600067498;0;1;0;0;2;1;2;B01
200600067502;0;1;0;0;2;1;19;A01
200600067505;0;1;0;1;0;1;1;B01
200600067512;0;1;0;0;2;0;2;B01
200600067513;0;1;0;0;2;0;13;A01
200600067515;0;1;0;0;2;3;1;B01
200600067533;0;1;0;1;0;1;1;B01
200600067546;0;1;0;0;2;1;1;B01
200600067547;0;1;0;0;2;1;1;B01
200600067588;0;1;0;0;2;7;0;B01
200600067594;0;1;0;0;2;1;1;B01
200600067604;0;1;0;0;2;1;5;A01
200600067628;0;1;0;0;2;7;19;B01
200600067629;0;1;0;0;2;4;1;B01
200600067637;0;1;0;0;0;0;0;A01
200600067638;0;1;0;0;0;0;1;A01
200600067642;0;1;0;0;2;7;15;A01
200600067657;0;1;0;0;2;1;1;B01
200600067689;0;1;0;0;2;8;1;A01
200600067720;0;1;0;0;0;7;1;A01
200600067725;0;1;0;0;1;1;1;A01
200600067757;0;1;0;0;2;0;9;B01
200600067761;0;1;0;0;2;0;1;B01
200600067786;0;1;0;0;2;1;1;B01
200600067811;0;1;0;0;9;1;17;B01
200600067819;0;1;0;1;0;2;1;B01
200600067831;0;1;0;0;2;8;16;A01
200600067836;0;1;0;0;2;1;1;B01
200600067840;0;1;0;0;2;2;15;B01
200600067842;0;1;0;0;2;3;1;B01
200600067851;0;1;0;0;2;4;0;B01
200600067899;0;1;0;0;2;7;19;A01
200600067907;0;1;0;0;2;1;1;B01
200600067924;0;1;0;0;2;1;0;B01
200600067949;0;1;0;0;2;1;1;B01
200600067973;0;1;0;0;2;4;1;B01
200600067979;0;1;0;0;2;4;1;B01
200600067983;0;1;0;0;2;7;1;B01
200600067991;0;1;0;0;2;7;1;B01
200600068002;0;1;0;0;2;8;1;A01
200600068013;0;1;0;0;2;1;1;B01
200600068022;0;1;0;0;0;4;0;A01
200600068032;0;1;0;0;2;7;1;B01
200600068062;0;1;0;0;2;0;0;B01
200600068065;0;1;0;0;2;1;19;A01
200600068145;0;1;0;0;2;8;1;A01
200600068149;0;1;0;0;0;0;0;B01
200600068163;0;1;0;0;2;4;1;B01
200600068164;0;1;0;0;2;1;1;B01
200600068166;0;1;0;0;2;1;18;A01
200600068171;0;1;0;0;2;4;13;B01
200600068190;0;1;0;0;2;4;1;B01
200600068196;1;1;0;0;2;1;14;A01
200600068209;0;1;0;0;2;1;9;B01
200600068211;0;1;0;0;2;1;1;B01
200600068212;0;1;0;0;2;1;1;B01
200600068218;0;1;0;0;2;1;1;A01
200600068219;0;1;0;0;2;1;1;A01
200600068221;0;1;0;0;2;1;1;B01
200600068222;0;1;0;0;2;1;1;B01
200600068223;0;1;0;0;2;1;1;B01
200600068224;0;1;0;0;2;7;1;B01
200600068247;0;1;0;1;0;1;1;B01
200600068249;0;1;0;0;2;1;5;A01
200600068251;0;1;0;0;2;8;1;B01
200600068260;0;1;0;1;0;1;1;A01
200600068280;0;1;0;0;2;1;5;A01
200600068281;0;1;0;0;2;1;9;B01
200600068283;0;1;0;0;2;7;19;A01
200600068296;0;1;0;0;2;0;1;B01
200600068297;0;1;0;0;2;9;0;B01
200600068302;0;1;0;0;2;1;1;A01
200600068303;0;1;0;0;2;1;19;B01
200600068313;0;1;0;0;2;3;1;B01
200600068315;0;1;0;0;1;1;1;A01
200600068320;0;1;0;0;2;7;1;B01
200600068332;0;1;0;0;2;1;19;B01
200600068364;0;1;0;0;2;1;5;B01
200600068366;0;1;0;0;2;3;1;B01
200600068371;0;1;0;0;2;0;1;B01
200600068395;0;1;0;0;0;3;1;B01
200600068442;0;1;0;0;0;3;1;B01
200600068443;0;1;0;0;2;1;15;A01
200600068454;0;1;0;0;2;8;1;B01
200600068467;0;1;0;0;0;0;1;A01
200600068468;0;1;0;0;2;6;15;A01
200600068473;0;1;0;1;2;5;12;A01
200600068479;0;1;0;0;2;3;1;B01
200600068480;0;1;0;0;1;1;1;A01
200600068489;0;1;0;0;2;5;1;B01
200600068502;0;1;0;0;2;2;1;A01
200600068517;0;1;0;0;2;2;19;A01
200600068530;0;1;0;0;2;2;1;B01
200600068584;0;1;0;0;2;2;9;A01
200600068628;0;1;0;0;2;3;18;B01
200600068647;0;1;0;0;2;2;1;B01
200600068662;0;1;0;0;2;3;19;A01
200600068682;0;1;0;0;1;1;1;A01
200600068706;0;1;0;0;0;0;1;A01
200600068715;0;1;0;0;2;2;1;A01
200600068728;0;1;0;0;0;0;1;A01
200600068749;0;1;0;0;2;3;18;A01
200600068751;0;1;0;0;2;1;19;B01
200600068764;0;1;0;0;2;2;1;B01
200600068770;0;1;0;0;2;2;16;A01
200600068779;0;1;0;0;1;1;1;A01
200600068795;0;1;0;0;0;0;21;A01
200600068824;0;1;0;0;2;1;1;A01
200600068836;0;1;0;0;2;2;1;A01
200600068850;0;1;0;0;2;3;7;B01
200600068856;0;1;0;0;2;3;13;B01
200600068888;0;1;0;0;2;1;1;B01
200600068900;0;1;0;0;2;3;1;B01
200600068914;0;1;0;0;2;1;1;B01
200600068923;0;1;0;0;2;1;1;B01
200600068943;0;1;0;0;1;1;1;A01
200600068946;0;1;0;0;2;1;1;B01
200600068953;0;1;0;0;2;1;1;B01
200600068954;0;1;0;0;2;1;1;B01
200600068959;0;1;0;0;2;1;13;A01
200600068967;0;1;0;0;2;3;9;A01
200600068969;0;1;0;0;2;1;1;A01
200600068970;0;1;0;0;2;1;1;B01
200600068992;0;1;0;0;2;3;18;A01
200600069000;0;1;0;0;2;3;17;A01
200600069032;0;1;0;0;2;1;7;A01
200600069032;0;1;0;0;2;5;15;B01
200600069063;0;1;0;0;2;1;1;B01
200600069076;0;1;0;0;2;4;15;A01
200600069079;0;1;0;0;2;1;17;A01
200600069085;0;1;0;0;1;1;15;A01
200600069100;0;1;0;0;0;0;1;A01
200600069108;0;1;0;0;2;2;14;B01
200600069110;0;1;0;0;2;3;1;B01
200600069115;0;1;0;0;2;2;12;A01
200600069136;0;1;0;0;2;2;1;B01
200600069138;0;1;0;0;2;3;16;A01
200600069181;0;1;0;0;2;2;1;A01
200600069187;0;1;0;0;2;1;1;B01
200600069193;0;1;0;0;1;1;5;A01
200600069232;0;1;0;0;2;0;1;B01
200600069248;0;1;0;0;2;8;19;A01
200600069256;0;1;0;0;2;2;19;B01
200600069324;0;1;0;1;0;1;17;B01
200600069329;0;1;0;0;2;1;1;B01
200600069332;0;1;0;0;2;1;2;A01
200600069335;0;1;0;0;2;1;1;B01
200600069348;0;1;0;0;2;1;2;B01
200600069365;0;1;0;0;2;3;1;B01
200600069417;0;1;0;0;2;1;2;B01
200600069435;0;1;0;1;0;1;1;B01
200600069477;0;1;0;0;2;1;1;A01
200600069478;0;1;0;0;2;6;1;B01
200600069487;0;1;0;0;2;2;1;B01
200600069504;0;1;0;0;2;1;1;A01
200600069509;0;1;0;0;2;1;1;A01
200600069511;0;1;0;0;2;4;15;B01
200600069512;0;1;0;0;2;1;1;A01
200600069517;0;1;0;0;2;1;18;A01
200600069524;0;1;0;1;0;1;1;B01
200600069529;0;1;0;0;2;1;9;B01
200600069551;0;1;0;0;2;8;19;A01
200600069578;0;1;0;0;0;4;2;B01
200600069591;0;1;0;0;2;1;1;A01
200600069614;0;1;0;0;2;6;2;A01
200600069629;0;1;0;0;2;4;12;A01
200600069634;0;1;0;0;2;1;1;B01
200600069651;0;1;0;0;2;4;2;B01
200600069669;0;1;0;0;2;1;1;B01
200600069683;0;1;0;0;2;1;1;B01
200600069688;0;1;0;0;0;7;1;B01
200600069697;0;1;0;0;0;0;1;B01
200600069703;0;1;0;0;2;1;19;A01
200600069706;0;1;0;0;2;1;1;B01
200600069746;0;1;0;0;0;0;1;A01
200600069775;0;1;0;0;2;1;1;B01
200600069797;0;1;0;0;2;1;2;A01
200600069799;0;1;0;0;1;1;0;A01
200600069808;0;1;0;0;0;7;1;B01
200600069919;0;1;0;0;1;1;1;A01
200600069920;0;1;0;0;2;1;1;A01
200600069932;0;1;0;0;2;8;19;B01
200600069954;0;1;0;0;2;1;2;B01
200600069999;0;1;0;0;2;1;2;A01
200600070016;0;1;0;0;0;4;12;B01
200600070033;0;1;0;1;0;1;1;B01
200600070038;0;1;0;0;2;1;1;B01
200600070082;0;1;0;0;2;3;0;A01
200600070103;0;1;0;0;2;1;1;A01
200600070105;0;1;0;0;1;1;1;A01
200600070124;0;1;0;0;1;1;1;A01
200600070136;0;1;0;0;0;8;2;B01
200600070169;0;1;0;14;0;0;0;A01
200600070172;0;1;0;0;2;0;2;B01
200600070175;0;1;0;0;2;1;1;B01
200600070184;0;1;0;0;2;1;1;B01
200600070188;0;1;0;0;0;1;0;B01
200600070217;0;1;0;0;2;6;1;B01
200600070230;0;1;0;0;2;7;5;A01
200600070234;0;1;0;0;0;1;1;B01
200600070258;0;1;0;0;2;1;0;B01
200600070321;0;1;0;0;0;1;2;B01
200600070326;0;1;0;0;2;1;1;A01
200600070372;0;1;0;1;2;1;13;B01
200600070387;0;1;0;0;2;8;19;A01
200600070390;0;1;0;0;1;1;1;A01
200600070400;0;1;0;0;2;2;9;A01
200600070454;0;1;0;0;2;8;1;B01
200600070454;0;1;0;0;2;9;1;C01
200600070456;0;1;0;0;2;8;14;B01
200600070463;0;1;0;0;2;1;5;A01
200600070473;0;1;0;0;2;2;20;B01
200600070484;0;1;0;0;2;1;9;B01
200600070485;0;1;0;1;0;1;1;B01
200600070509;0;1;0;0;2;9;1;A01
200600070528;0;1;0;0;2;1;2;B01
200600070530;0;1;0;0;0;0;15;B01
200600070540;0;1;0;0;2;1;13;A01
200600070550;0;1;0;0;2;8;1;B01
200600070577;0;1;0;0;2;7;19;B01
200600070592;0;1;0;0;2;4;1;B01
200600070594;0;1;0;0;2;0;1;B01
200600070961;0;1;0;0;2;3;1;B01
200600070967;0;1;0;0;2;3;1;B01
200600070981;0;1;0;0;2;0;0;A01
200600071167;0;1;0;0;2;4;2;A01
200600071207;0;1;0;12;0;7;1;A01
200600071218;0;1;0;0;0;8;15;A01
200600071234;0;1;0;0;2;1;16;B02
200600071298;0;1;0;0;2;1;13;B02
200600071303;0;1;0;0;2;4;1;A01
200600071322;0;1;0;0;0;0;0;A01
200600071363;0;1;0;0;2;3;15;B02
200600071368;0;1;0;0;2;4;1;A01
200600071393;0;1;0;0;2;3;16;B02
200600071394;0;1;0;0;2;4;1;B02
200600071399;0;1;0;0;2;4;1;B02
200600071406;0;1;0;0;2;3;19;C03
200600071412;0;1;0;6;0;0;0;A01
200600071458;0;1;0;0;2;8;1;A01
200600071475;0;1;0;0;2;1;19;A01
200600071525;0;1;0;0;2;6;23;A01
200600071540;0;1;0;0;2;0;15;B02
200600071543;0;1;0;0;2;8;1;B02
200600071546;0;1;0;0;0;8;1;B02
200600071552;0;1;0;0;0;7;19;B02
200600071557;0;1;0;0;2;4;1;B02
200600071584;0;1;0;0;2;7;19;A01
200600071596;0;1;0;0;2;1;15;A01
200600071628;0;1;0;0;0;8;15;A01
200600071662;0;1;0;0;2;8;2;B02
200600071684;0;1;0;0;2;1;1;B02
200600071715;0;1;0;0;2;1;1;B02
200600071717;0;1;0;0;2;1;1;B02
200600071817;0;1;0;0;2;3;19;A01
200600071850;0;1;0;0;2;1;19;B02
200600071851;0;1;0;0;0;8;19;A01
200600071870;0;1;0;0;2;1;1;B02
200600071915;0;1;0;0;2;4;1;B02